ord_id,ord_date,tax_rate
5920416,2018-08-08,6.35
4825298,2017-03-28,5.5
7009183,2010-10-14,4.75
5186311,2001-05-12,4.85
4274782,2002-03-19,6
2579402,2012-11-10,4
5974882,2000-07-07,7.25
6080581,2003-05-22,0
6507619,2010-02-25,0
6921547,2012-02-26,7
6707258,2008-07-03,7.25
5068100,2005-06-30,4.45
2523554,2002-03-05,6.35
2553970,2002-05-22,4
5892769,2009-09-06,6
3904450,2015-04-12,4.75
4160529,2007-10-08,4.45
5140837,2003-09-29,0
2715724,2013-09-05,8.52
2436329,2001-02-24,0
6808759,2012-10-23,5.75
4066723,2019-03-28,0
7151327,2013-11-27,6.5
1912588,2010-12-18,0
6033460,2001-09-16,4.3
1449568,2019-02-25,0
6144261,2002-03-12,0
5155394,2011-04-25,8.52
4595626,2003-06-19,6
1895617,2003-11-07,4
4429906,2015-03-26,0
3417447,2004-10-20,4
4801426,2000-02-16,6
4533036,2013-10-18,5.5
5440045,2010-04-12,6
6670054,2014-03-02,5.75
3661656,2012-11-26,5.6
3846551,2014-03-05,5.5
4679322,2000-12-26,6
6416425,2018-01-19,0
4234556,2010-07-16,6
5835237,2004-03-27,5.6
3333624,2016-01-13,6
4305349,2006-10-03,4.85
4469762,2008-01-09,7
2030531,2016-11-10,5.6
3252622,2012-02-08,0
6663983,2007-04-27,6
4499806,2001-07-06,5.75
6072149,2013-05-07,4.3
6429113,2005-09-29,6
2016400,2015-04-10,4
6831652,2004-10-24,8.875
3608797,2008-11-13,7
4044365,2010-09-08,6
2900047,2008-07-08,0
1790994,2003-01-02,6
2588796,2001-06-08,7
2781248,2001-03-24,0
3485081,2014-11-15,4.45
4911975,2019-01-07,5.6
3829941,2002-04-24,5.5
3242565,2007-07-19,6
2358239,2018-06-10,0
7112703,2009-11-18,6
1121775,2009-05-04,7.25
4185159,2001-03-24,0
5438767,2008-08-19,4.75
1526982,2002-05-01,6.5
1200543,2013-08-21,6
3357050,2002-03-19,5.75
6761576,2003-01-05,8.875
6771690,2010-12-07,4.75
3695305,2015-07-03,6
4678509,2015-10-12,5.6
1911288,2014-12-16,6
4026926,2009-06-24,6
5697518,2005-02-05,6
1930308,2004-09-19,4
1396544,2000-08-14,4
4218977,2015-04-23,5.5
5186226,2012-02-13,7
2208177,2008-11-16,6
5788991,2009-05-02,4.3
5105818,2000-10-12,5.5
4101226,2013-09-13,4
7026832,2015-03-19,4
5547985,2007-11-19,4.45
4157138,2004-07-08,4
1683121,2008-07-15,4
3031547,2013-06-08,4
1546460,2003-08-01,4.45
5907405,2017-12-01,8.875
5037369,2018-06-11,4
5731787,2015-01-30,0
3753313,2002-10-09,6.35
6974353,2009-03-30,0
3163903,2019-05-04,5.5
4468374,2013-08-03,5.6
6960628,2018-10-23,6.5
4054195,2002-01-25,6
3937927,2017-02-08,7
4253506,2012-01-18,5.5
3307281,2015-08-24,4.45
7158744,2009-12-09,5.6
6585838,2010-03-09,4
5613754,2012-07-28,4
5673381,2012-12-05,6
2286687,2001-04-11,4
4144055,2017-03-06,4.3
1504635,2002-07-13,4.3
2015487,2009-10-02,5.6
3220422,2004-01-04,5.5
5767028,2006-06-16,7
6711968,2019-05-02,0
3220438,2017-12-04,4
5119112,2016-07-13,7.25
3224260,2017-07-25,4
5424989,2001-11-02,4
4495063,2013-05-01,4.45
7194654,2008-04-28,0
5065896,2009-06-06,4
3624763,2006-04-03,7.25
3898397,2019-05-06,6
7187392,2008-03-02,6
3364980,2005-09-07,6
3178673,2006-05-20,4.85
4521021,2007-02-26,7.25
3749511,2013-04-04,6
1539389,2017-07-21,6
6305708,2013-12-19,4.45
6293114,2011-12-10,6.35
4984659,2017-07-24,7.25
7197660,2017-06-24,4.45
6691527,2014-05-26,6
5305378,2000-06-01,0
2555565,2012-02-14,6.35
4509368,2007-12-14,7
2356703,2004-09-19,4.45
5242761,2010-06-06,4
4080696,2017-08-20,0
3570845,2011-04-06,7.25
4389481,2007-06-14,8.875
2717299,2019-12-21,5.6
6953949,2013-02-15,7.25
2748922,2014-11-21,0
1409838,2005-07-25,4.45
4882154,2007-12-27,5.6
1499647,2016-09-27,0
5775992,2007-07-20,8.875
3456435,2010-08-12,8.875
5484681,2010-06-29,4.45
6727420,2011-01-21,6
4711571,2001-05-21,4
3555795,2002-09-15,8.52
5687001,2011-09-16,0
1985674,2018-07-26,4
5994079,2016-01-07,7
5087861,2007-11-15,6.35
6077808,2010-03-25,5.5
6241665,2009-01-22,6
5677372,2012-08-03,5.5
3695577,2018-04-07,8.875
6047294,2014-06-16,6.5
3236261,2001-10-26,8.875
5868564,2017-10-03,0
6500666,2003-07-24,6
5255967,2006-04-05,0
4924882,2018-06-06,4
1791485,2011-02-11,4
6894826,2015-02-13,8.875
3986347,2003-11-28,4
3560653,2011-01-11,4
3326659,2015-04-27,6
3779453,2004-06-30,4.85
7311476,2012-05-20,7.25
2177932,2016-01-19,7
5086249,2009-03-17,5.75
4205221,2006-02-22,6
1455991,2005-05-25,6
3193964,2007-06-02,0
6464145,2015-04-07,6
5321869,2002-11-12,4
5236088,2015-06-03,4
3681241,2004-05-08,6
4471131,2012-08-09,4.3
1929235,2001-08-05,7
1694460,2019-07-11,6
6562501,2018-09-12,6
3303963,2000-03-25,4
6755650,2018-02-01,7
5649473,2017-09-21,0
2629583,2008-08-23,0
1458147,2006-07-25,6.5
5168047,2003-03-17,6
5651788,2000-07-26,0
2694750,2009-05-10,4.85
5861427,2007-11-27,5.5
6556364,2017-09-23,6
2293928,2001-10-18,6.35
3272347,2005-02-11,6
5851299,2012-03-06,8.52
2845076,2004-08-27,6
5548388,2013-04-08,6
4409334,2019-05-05,7
5374410,2006-11-10,8.875
3293788,2014-08-31,0
3298471,2011-02-03,7
6920344,2017-01-19,4
2933338,2002-03-30,6
2679922,2011-01-08,4.3
3872219,2003-03-26,5.75
2344343,2019-03-09,8.875
5417203,2015-10-14,5.5
6801456,2008-11-08,0
6976313,2006-10-07,6.35
3353836,2006-06-17,6
6960040,2013-01-20,6
2140430,2012-08-11,6
4470702,2007-01-25,4.45
4549779,2006-07-21,0
1724480,2018-02-17,0
5385043,2016-11-04,4.3
7372789,2000-11-24,6.35
2542761,2017-08-20,6.5
2796751,2016-10-13,7
1558876,2009-05-20,0
1951466,2003-09-19,5.5
4706940,2003-09-14,6.5
6706254,2014-09-16,8.52
4814298,2009-12-14,0
2618832,2007-07-15,6
5393236,2000-11-24,6
4827815,2003-10-22,6
7083064,2008-02-18,4
1955676,2007-01-18,4
7304261,2005-11-02,5.6
1620794,2001-12-14,0
4344423,2003-12-17,7.25
4366976,2018-06-18,6
2069011,2000-06-01,0
5968744,2009-03-29,4.85
6727185,2004-02-18,6
3984108,2017-04-17,4
3775746,2019-11-05,7.25
3444796,2004-05-05,6.35
7276203,2007-03-31,4.85
2107831,2019-08-12,0
4460714,2017-08-14,8.875
4206987,2016-05-04,6
1332784,2015-04-27,7.25
4205785,2014-06-22,7
7293392,2005-07-01,6
2678429,2011-06-30,4.3
3758613,2004-08-30,6
5780157,2015-12-11,4
7186133,2014-08-21,4
4083483,2003-03-20,0
5040689,2017-12-08,5.6
6419973,2017-11-29,4
3983170,2007-06-28,7.25
3320884,2007-04-20,4
6201595,2006-10-07,5.5
3951017,2018-04-09,4.3
4195011,2004-07-14,4.85
5046694,2010-07-13,4
2340380,2014-01-30,4.45
1450563,2003-01-04,0
2357460,2007-03-14,0
4433548,2015-05-17,8.52
3316575,2001-08-05,6
1229905,2004-07-22,4.75
6873054,2017-06-10,6
6563406,2007-02-15,0
6106329,2006-01-13,6
3513797,2001-04-16,5.5
7231583,2008-03-28,6
4464272,2001-10-07,8.52
4606107,2014-05-21,5.5
2986403,2003-06-21,6
4690371,2005-09-30,0
2804411,2015-10-15,6
2099915,2002-06-05,4.3
4332112,2009-10-18,5.6
1588017,2005-07-01,5.5
3670818,2014-12-18,6
3094136,2011-11-10,7.25
6803424,2006-07-29,0
2640087,2014-03-25,5.75
4860434,2016-04-16,5.75
5207861,2016-09-30,4
2581918,2004-04-17,5.6
6323365,2015-04-10,6
2017288,2011-05-29,0
5635476,2019-12-11,4.45
5116839,2000-03-14,5.5
5732609,2002-09-23,6.35
2993361,2005-10-18,8.875
6860822,2002-02-16,6
4988395,2013-11-02,7.25
1241453,2002-04-05,4
1214458,2017-04-30,4.75
1961324,2006-08-14,5.5
2990263,2002-06-23,7
3217085,2008-09-05,4.85
3452320,2000-06-15,0
3706310,2011-09-06,4
2640611,2000-03-23,4
2508319,2018-08-28,5.6
4302319,2009-01-08,6.35
6327203,2010-07-08,4.85
2435589,2019-12-16,8.52
1483401,2005-06-29,5.75
4993488,2001-11-10,6.35
4242714,2010-05-03,8.875
1219885,2007-10-15,4.45
6995480,2015-10-04,7
4995431,2019-01-30,4.45
1792270,2000-03-17,6.35
7116337,2000-03-26,0
4782718,2007-02-22,4
5622284,2018-09-22,4
5403544,2011-10-08,5.75
3807617,2011-12-13,6.5
7357453,2001-06-05,6.35
1137418,2000-07-09,5.5
4688382,2019-11-08,6.5
2627387,2003-07-25,5.75
3085105,2017-01-23,8.52
2110096,2006-03-08,6
6720608,2015-06-23,8.875
3699593,2003-04-29,4
1999344,2008-03-13,7.25
4488444,2000-07-16,4.85
4877732,2017-10-09,7.25
3534753,2019-02-03,0
2167687,2005-11-16,6
7181850,2016-01-30,5.5
1447470,2015-09-20,7
7194135,2006-08-13,5.5
5467093,2009-02-01,4
3607532,2008-02-26,0
1208823,2015-12-12,5.6
6984363,2015-05-30,0
2974760,2018-04-24,5.5
1378848,2011-01-30,8.52
2900365,2015-08-24,0
1527511,2018-03-05,0
1515362,2006-12-22,0
7047531,2013-06-11,7.25
6275886,2017-10-11,4.85
7322972,2011-05-05,6.35
3670757,2009-04-06,0
5777065,2016-03-01,4.85
5286397,2012-01-28,0
3717120,2013-12-12,7
2614702,2002-08-21,4
3114937,2014-01-07,5.5
5444450,2008-04-05,6.35
5249948,2018-04-12,7
3374321,2016-06-07,0
3143426,2008-09-26,4
2201303,2005-06-26,6
2501172,2007-10-12,7
1951944,2016-01-05,6.35
3087147,2012-06-20,5.5
2560752,2019-11-22,4.75
2867041,2015-09-01,4
7138865,2002-11-16,0
2419990,2004-08-19,0
2160272,2018-05-02,7.25
7366371,2009-03-28,7.25
3942790,2002-02-28,7.25
5669236,2006-10-26,5.6
3400275,2011-04-14,6
4908463,2013-04-28,6
6405254,2013-09-14,7
5067394,2012-10-21,0
4646893,2014-03-18,8.52
2527834,2006-07-26,5.75
4514309,2006-06-05,6.35
1600017,2003-06-13,7
2760984,2019-10-10,8.875
4273498,2017-11-05,7
6535212,2009-11-18,5.5
5642393,2019-10-22,8.52
1170910,2006-02-21,8.875
1908873,2012-02-17,8.52
2019488,2009-08-30,0
5164194,2003-12-12,7
6439301,2010-09-25,6
5684377,2014-11-27,5.75
6612087,2011-09-10,5.75
1127847,2010-02-24,7.25
6254064,2013-07-23,6
3524099,2016-07-27,4.45
3671625,2019-06-08,0
2587112,2011-04-27,0
2195257,2005-09-20,4.85
5083172,2007-10-22,0
2443041,2010-11-04,4.85
2379845,2000-07-26,6
1355067,2014-02-14,6
3111726,2019-12-03,5.6
3850921,2001-03-01,4.3
4854266,2006-06-04,6
1287086,2010-12-29,6
1317030,2006-10-28,8.52
2791283,2000-03-25,6
5802219,2004-04-12,4.85
6142787,2008-06-16,0
5160458,2016-07-23,0
3891025,2006-02-17,6
6101377,2003-01-06,8.875
4003357,2005-03-27,0
5541384,2007-11-25,7
4683433,2016-11-17,5.5
1306701,2008-08-08,0
4921354,2002-11-03,6
1418249,2003-02-16,8.52
4138369,2000-12-14,4.45
2666783,2007-07-20,4
3877491,2008-11-05,8.875
6529601,2006-07-05,7
1391031,2002-03-09,7.25
6298171,2010-06-29,0
6777923,2008-05-01,4.85
3525004,2001-04-01,5.75
7227128,2019-11-04,5.75
4751917,2008-04-09,4.85
5284478,2017-08-02,7
4077683,2011-12-19,6
1517524,2013-06-27,6
5036956,2005-04-16,6
6127946,2010-08-28,8.875
4398774,2015-08-27,8.875
6411985,2002-10-13,5.5
4905979,2007-02-19,5.6
1932274,2011-11-21,0
3896243,2003-10-15,4.45
2612228,2018-04-12,6
4650540,2006-09-08,6
1430404,2009-12-21,5.5
7180420,2007-12-20,6
5994372,2002-11-28,5.5
4332918,2008-08-12,4.3
7107645,2013-08-04,5.6
1895438,2010-08-07,4
1977607,2007-08-21,5.5
3956821,2016-12-15,5.5
5807130,2006-09-06,7
2764320,2019-05-07,4
1719757,2004-11-05,7
5075879,2001-05-05,7
6965544,2015-04-01,7.25
5909252,2001-09-06,6
5823800,2017-12-07,6
2717370,2010-10-07,4
6923896,2000-10-11,8.875
3263076,2013-05-10,6
5047031,2012-11-18,5.6
6651903,2011-10-01,4
7285715,2008-03-09,7.25
2615397,2018-02-08,0
3833965,2007-03-25,8.52
5758532,2017-04-07,5.6
5174013,2001-10-19,4.85
3373348,2002-11-24,0
3303969,2011-02-15,4
5838540,2002-09-26,4
5001562,2006-07-03,7.25
3860793,2010-04-15,0
6462098,2006-08-13,5.75
5054748,2015-10-04,8.875
5301170,2001-10-05,5.5
2685159,2019-04-03,6
4599427,2017-03-31,6
3190336,2018-02-15,4
7189300,2001-07-16,4.3
1306218,2005-10-29,7.25
4874959,2007-02-18,8.52
4772820,2013-07-25,5.75
6181221,2001-06-13,6
1633362,2008-03-09,4
3048140,2000-11-18,6
4560641,2009-02-06,5.75
2171184,2011-04-30,5.6
6948436,2015-06-03,0
3827045,2017-07-17,4.85
3852824,2014-07-25,4.75
6305902,2007-12-20,0
4783093,2007-10-08,0
6595312,2008-09-10,4
6998022,2015-01-04,0
3783660,2002-05-03,6
2230820,2012-03-18,7.25
2051970,2005-07-28,4.75
3032913,2004-08-06,8.875
2972077,2011-03-06,5.5
5418332,2012-10-30,5.6
3501159,2004-07-28,4
5993683,2013-03-17,0
6502106,2008-11-03,6
7149141,2011-11-18,4
2965867,2005-07-15,4
6944794,2000-08-26,5.75
2360831,2011-06-23,4.75
2483119,2004-09-20,8.52
5019378,2013-12-17,5.5
2547748,2009-08-07,4.3
4139607,2008-03-02,4
1502443,2001-05-20,4.75
1794627,2008-12-29,4
4706870,2013-07-27,6.35
4601068,2012-09-15,8.875
1434425,2012-10-30,0
2300238,2006-07-04,6
6452776,2017-07-22,4
2653183,2019-10-06,7.25
4437977,2019-11-07,4
3948580,2005-11-28,5.5
4804348,2003-04-16,4
4733459,2019-03-21,6
2834231,2004-03-02,6.35
3662470,2009-09-06,4
3417805,2002-05-31,6
7278491,2003-03-25,6.5
2088606,2006-04-10,8.52
7249938,2002-01-12,4
2411963,2016-07-06,0
3759584,2011-08-01,6
2985847,2011-04-05,6
6680852,2019-02-10,4
7218998,2001-03-19,5.5
5067513,2005-12-02,6
7046967,2009-01-01,4.85
6107890,2011-01-07,8.52
4536285,2003-04-08,7
4461691,2007-09-08,4.3
3786709,2014-09-17,7
5803492,2010-04-26,6.35
5279007,2004-06-04,8.52
4352288,2018-04-06,8.875
3485404,2010-12-10,0
4862907,2016-06-30,4.75
2657733,2013-04-20,6.5
6261926,2011-01-14,4.3
5866376,2012-07-04,7.25
3257154,2011-12-10,7
6842420,2018-04-09,4
2324966,2000-11-14,6
1673044,2017-10-23,4.75
4939400,2004-07-26,6.35
4826066,2002-09-25,7.25
2474373,2015-07-22,6.5
1723641,2013-03-19,6
3074405,2017-01-11,6
2309937,2005-07-05,0
1603961,2009-10-29,6
4028110,2006-12-04,7.25
6819487,2003-10-09,4.85
2845988,2001-02-17,5.5
3242663,2013-08-29,7.25
4808218,2012-11-04,5.5
4477362,2006-07-07,5.6
4207539,2000-08-03,5.5
2528663,2003-06-04,6
7369485,2012-08-30,7.25
3600012,2018-02-20,4
7051823,2013-02-25,4
2308440,2000-06-01,4
1902014,2015-08-27,4
4619675,2005-01-14,7
1991765,2010-05-31,6
2536755,2017-01-30,6
7370311,2015-01-09,6
6181270,2012-12-17,4.85
7109598,2006-01-14,5.6
5042723,2002-03-29,8.875
6008236,2016-07-18,6.5
1247344,2018-03-03,4
2846767,2019-04-06,6.35
6080536,2009-06-14,4.3
5497244,2006-04-28,6
1377832,2017-01-13,6
2906644,2010-06-14,6
6779542,2007-10-27,4.45
4110943,2004-01-24,5.6
5496005,2001-11-24,4.85
6582906,2013-08-25,8.875
3737347,2006-01-20,6
5128375,2002-03-28,4.3
6715769,2009-04-17,4.85
7072545,2005-11-14,6
4581022,2014-11-03,7
3728778,2014-06-27,6
1343556,2011-05-15,4
4441967,2012-09-19,4.45
2129769,2010-01-05,4.3
2341412,2016-05-19,4.45
7322569,2009-05-13,4
7065905,2014-12-30,6
7311961,2000-07-07,0
1694517,2006-09-12,8.875
2398667,2019-11-15,6.5
5199095,2005-01-21,6
7332327,2003-03-07,6
3365087,2012-04-20,4
5872629,2014-09-01,0
3266665,2011-05-09,5.5
2831374,2012-04-07,4.3
1146371,2017-10-08,6
6120639,2008-10-09,4.45
7145124,2006-08-15,7
7332566,2010-06-15,7
3750614,2003-06-20,0
4476887,2001-03-16,5.6
3674532,2000-09-08,8.52
2270326,2015-10-26,4.75
6990345,2019-12-13,6
1544577,2010-03-20,6
1869910,2013-03-29,6
3503462,2001-01-26,7
5004518,2010-07-25,6
2452987,2006-05-28,4
2325001,2000-05-08,8.52
5676049,2012-04-19,0
2925649,2000-09-17,6.35
7099776,2006-03-08,7
1205837,2003-12-01,7.25
5117750,2000-09-17,5.5
6735437,2015-04-28,5.5
3907399,2001-12-06,6
3444992,2012-01-24,0
1206359,2004-02-03,7
5454867,2007-11-15,6
2774446,2007-12-19,7
7265969,2011-08-04,6
4463150,2013-11-04,6.5
3577440,2017-10-14,6
2533036,2011-06-20,4
3953637,2012-02-02,4
6946114,2013-11-01,4
2784505,2000-05-11,5.5
3763197,2009-06-15,4
7349340,2019-07-18,8.875
1971410,2007-07-07,6
6271213,2009-10-03,6
2066470,2003-02-20,0
5026658,2007-12-08,4.85
2640390,2013-07-13,7
3810252,2001-05-20,8.875
2358499,2015-11-01,6
4610926,2008-05-07,4.75
5884847,2010-09-14,7
5644109,2012-01-15,6
6153273,2017-10-03,5.5
4952286,2012-06-24,7
1252070,2016-04-12,6
3072196,2017-04-13,7.25
3992337,2008-10-29,0
5415527,2018-07-06,0
2630071,2014-06-21,7.25
3869814,2006-07-22,5.5
5783792,2005-04-08,5.6
6960612,2003-11-20,4
4937479,2002-03-15,6.35
4065119,2010-03-20,4.45
6085831,2017-11-06,5.5
4414431,2002-01-28,5.5
3864544,2012-06-29,5.6
6285551,2016-08-23,5.6
6063602,2008-02-06,7.25
6356161,2004-02-06,5.5
5373267,2003-11-17,4
1273816,2008-01-15,7.25
1994185,2000-02-13,4.45
6803004,2005-11-10,4.85
3828345,2015-04-21,0
5136786,2011-09-13,7
2532806,2000-07-26,7
7219644,2008-04-18,4
4661003,2015-04-21,4
2237269,2002-12-25,6
1218048,2000-07-05,5.6
5448154,2017-01-20,4.45
2419545,2012-10-30,6.5
4531520,2006-05-09,6
2626295,2007-12-20,4
4542285,2012-12-24,0
4214996,2005-05-06,6
3712934,2012-03-10,6.35
3524585,2009-09-28,5.75
1361232,2017-12-02,8.875
4317568,2013-01-19,7.25
1819286,2000-02-29,4
5851780,2000-10-05,8.875
5735100,2001-10-02,6
4753063,2003-04-24,0
7376150,2019-01-20,4.45
2361698,2015-08-17,0
6837701,2011-03-14,4.85
4132573,2015-12-29,7
1849078,2002-12-17,0
6365275,2001-05-25,5.5
4130135,2002-10-01,6
2217655,2002-02-22,7.25
7091336,2001-07-20,4
3762348,2010-07-18,0
4015460,2019-06-09,4
7223848,2018-07-13,0
6810609,2019-05-05,4
1588061,2000-09-16,5.75
3015647,2019-03-17,8.52
5424969,2018-12-24,4
6170271,2005-08-04,5.5
2747613,2019-03-07,4
1432373,2005-04-12,6
4449585,2019-04-12,6
1301608,2007-02-03,7
1636048,2016-06-27,0
2026761,2011-01-20,5.75
3801334,2014-07-01,6
6485851,2016-09-25,5.75
6184589,2003-04-08,7
1957780,2010-05-14,4
1529016,2009-08-30,6
3280171,2006-09-09,5.5
1448917,2019-11-15,4
7008254,2009-12-24,4.85
2382046,2019-11-02,6.35
5833265,2003-11-07,4.45
2421693,2000-11-19,8.875
7291719,2003-12-04,4.85
5817976,2017-02-17,5.6
2592405,2009-12-28,0
2052365,2019-05-10,4
7335283,2007-05-08,8.52
6233251,2015-04-04,7
6223785,2016-12-15,0
3767062,2015-04-05,4
4786798,2013-07-03,5.5
3363951,2014-12-23,4
6466943,2016-03-30,4
6537135,2007-11-13,6.35
6712478,2008-11-08,4
6193643,2015-05-25,0
4176165,2017-08-26,5.6
7147695,2006-08-04,5.6
4340138,2015-09-29,6.5
4782325,2008-10-28,7.25
4791962,2004-03-05,6
4839789,2005-11-22,5.5
2049307,2000-11-06,4
6111801,2008-05-30,6.5
5231753,2017-06-14,7
6762258,2016-09-21,7
5685871,2012-03-29,7.25
6277044,2000-02-18,4.85
5172140,2012-12-16,0
2842481,2000-10-14,5.5
3335994,2018-07-10,6.35
1477139,2000-10-13,6
5334387,2017-07-18,4
6478352,2012-11-17,7.25
1462501,2005-10-16,7.25
3459711,2005-02-26,0
5803731,2006-06-30,0
7146033,2014-03-27,4
6943449,2014-02-23,4.85
6791296,2007-06-05,4.75
2149868,2006-08-19,4.45
2686012,2017-02-21,4
7187578,2013-12-06,4
6751436,2012-12-31,8.52
6605087,2010-06-26,5.5
4578037,2014-11-05,4
2674197,2006-01-19,7
5292229,2002-10-23,4.3
4160912,2009-07-27,6
1926527,2006-05-27,8.875
2214446,2014-06-18,5.5
6091007,2007-12-01,4.3
4607594,2009-05-30,4
5402187,2001-07-05,8.875
4176801,2016-03-23,0
3938629,2018-04-14,0
2055683,2010-03-13,5.5
4207952,2005-11-06,4.85
3672680,2001-05-12,6
6538834,2001-04-24,6
4043884,2018-11-15,6
7048304,2007-08-01,4
3446980,2001-07-27,4
4251083,2010-03-26,8.52
1599106,2019-06-19,5.5
4437498,2013-05-27,6
4294654,2002-03-16,0
5039118,2011-01-18,4.45
3820920,2011-08-04,5.75
6427555,2015-12-14,6.5
4574012,2014-09-27,5.5
2113844,2015-03-28,8.875
5272209,2000-03-23,5.5
3291924,2018-12-29,4.3
5246931,2012-05-25,5.5
3634245,2012-02-19,4.75
2240360,2015-09-26,4.45
6675691,2000-01-14,8.875
2022811,2016-12-12,0
4488404,2014-03-12,6
6964456,2018-07-25,4.75
3983273,2008-02-20,4.85
2709440,2001-03-01,6
7225076,2001-08-05,4.3
3026232,2001-09-21,6
4208799,2007-03-31,6.35
6158947,2019-05-16,4.3
6786039,2016-02-22,0
5862218,2013-08-15,6.5
6192539,2009-07-25,0
6058763,2001-09-30,4.45
4841909,2015-12-25,6.35
5514722,2006-11-18,6
5465904,2018-03-23,0
1384208,2000-03-30,0
5524611,2002-08-18,0
1898603,2014-03-27,5.5
3367016,2016-05-30,8.52
6675832,2011-09-13,0
6713954,2012-12-06,6
3519090,2017-02-25,7.25
3043936,2014-05-20,5.5
4039624,2006-03-16,6
2774572,2004-07-07,7.25
4101862,2002-02-17,7
4718559,2008-11-19,4.85
2369958,2019-10-15,7.25
5276105,2006-05-14,4
3430314,2000-08-22,7.25
3886172,2007-04-22,4
4889545,2014-12-15,5.5
3795030,2004-04-04,7.25
2380664,2003-01-11,6
3440001,2005-02-09,7
4526124,2010-09-04,5.5
1798847,2001-07-14,0
2032805,2002-01-28,6
4821192,2002-02-26,0
5670932,2014-03-01,6
6848326,2001-08-01,6
7207824,2015-09-22,6.35
2067116,2019-02-23,5.5
3764199,2015-09-23,6
6246934,2005-08-08,6.35
1938085,2017-11-12,5.75
2571798,2004-01-14,8.52
6691508,2000-06-30,6
5234755,2006-03-12,7.25
6842234,2014-06-29,0
2878673,2007-08-28,0
2498103,2015-04-13,4.45
5472777,2014-07-06,0
2845358,2016-09-24,5.5
5936000,2019-02-02,6
4493102,2008-01-10,4
6317962,2012-10-17,6
5607547,2008-09-01,5.5
2676514,2004-05-30,4.75
6478425,2006-05-22,7.25
4136230,2018-06-26,6
4409354,2018-07-20,4
2687185,2012-05-23,6
5821289,2012-10-17,7.25
6556055,2001-02-08,6
2808624,2009-05-14,5.6
4199323,2011-05-07,5.5
6412341,2009-08-07,5.5
3619484,2003-01-12,0
4833388,2006-09-24,0
6679744,2014-02-08,0
5698647,2017-06-04,4.45
3691747,2001-01-27,6
1172361,2016-01-21,0
5121229,2007-07-23,5.6
2706561,2005-02-06,4
6935089,2010-03-02,6.35
2525011,2000-03-07,6
6864350,2010-11-08,6.35
6130139,2000-01-09,4
5357833,2003-06-13,4.3
2444320,2009-10-16,0
6866332,2000-01-06,0
1246462,2007-07-25,4.85
4562000,2004-05-29,6
3442266,2018-11-08,4
1140771,2014-11-08,6
5234282,2017-11-21,4.3
4832771,2016-06-28,4.75
4323557,2012-09-18,4
6742978,2018-12-30,6.35
6949715,2004-12-05,5.75
5709935,2003-06-18,5.5
4209890,2007-10-05,5.6
5431110,2016-12-13,4
4220111,2002-12-10,8.875
6185199,2012-01-03,6
5787053,2015-03-23,0
6324619,2017-05-06,0
2342338,2016-05-03,4.3
5818580,2008-07-14,4.75
2548837,2019-06-18,5.5
6690885,2015-03-12,6.5
3611343,2005-05-11,7
2818640,2013-12-10,4.75
1211280,2014-01-16,5.6
3179888,2007-09-16,4.45
2927778,2016-08-09,4
3116201,2000-07-03,5.5
5895783,2000-07-16,5.5
6273327,2013-03-09,6
2168680,2016-01-26,7.25
3720513,2019-12-16,4.45
5396896,2018-04-20,6.35
2161283,2019-07-03,6.35
5037972,2000-05-26,8.875
7246407,2011-07-07,4.75
1438554,2012-10-23,0
6383954,2012-09-11,0
2069936,2017-01-02,5.75
2722756,2002-12-14,4.85
3018905,2012-04-14,5.5
5130549,2009-10-07,5.75
2480700,2016-05-08,5.5
5731844,2012-04-17,4.45
3538702,2006-04-10,4
1769703,2012-03-27,6
2244774,2017-01-23,6
1410635,2015-12-30,4.85
3962687,2015-11-17,6
1229180,2016-10-06,4
3369203,2011-05-12,6
5101538,2008-06-14,0
5123036,2006-06-05,8.875
4731252,2004-12-09,6.5
3420309,2017-01-29,5.5
2485263,2011-02-08,6
6791181,2014-04-08,5.5
6939168,2009-02-01,0
6854408,2016-03-01,4
1708131,2003-03-25,4
6482725,2016-06-04,6
6831036,2018-06-25,7
1238802,2003-02-11,4.75
6269714,2010-10-12,7.25
3279679,2004-02-02,0
6776988,2019-01-17,0
5210057,2003-05-26,6.5
5633060,2007-05-13,7
6762728,2004-07-15,0
2097092,2018-08-16,6
4834655,2017-07-26,4.85
5956978,2014-01-24,6
4455545,2011-06-04,0
2745529,2001-06-09,0
2940056,2015-06-24,4.75
7370149,2002-09-05,5.5
1541858,2009-10-18,6
1155455,2011-09-09,6
1563057,2002-08-17,6
3496272,2009-05-09,5.6
6747341,2001-05-13,4.3
6487177,2017-07-26,6
4657920,2012-03-09,7.25
5090258,2010-01-11,6
2934862,2004-10-29,4.75
1636234,2006-06-24,5.5
4719022,2008-03-15,4
6711357,2000-06-24,4
7265800,2007-05-17,4.75
6978783,2003-08-09,4.3
3958770,2012-09-07,8.52
1438841,2018-04-15,4.3
1273630,2014-05-24,0
4153767,2001-11-23,0
3110310,2010-01-06,7
3699686,2001-03-06,0
4260411,2012-09-30,6.35
5892291,2014-11-25,8.52
4913089,2005-04-22,6
4532837,2009-03-16,6.5
6015635,2010-10-17,4.3
6683008,2011-02-25,0
4448635,2003-03-05,5.6
3613935,2005-01-13,6.5
3994367,2016-05-13,6
4031996,2003-07-20,5.5
2028513,2017-01-19,7
6100898,2011-12-06,0
2269632,2000-06-05,5.5
1733812,2013-11-07,4
7148611,2016-08-03,8.875
5717859,2001-04-08,5.6
4906937,2016-04-22,7.25
6093441,2005-10-17,6.35
4660320,2011-05-14,7
3983850,2015-12-18,6
1388801,2014-05-05,5.5
1134407,2018-10-13,6
7098092,2017-12-19,5.5
5805263,2007-09-18,6
1924372,2015-05-23,5.6
6723798,2014-12-20,7
7126441,2016-06-25,7
3572324,2011-04-20,6
1612725,2019-09-18,4
5029172,2019-04-09,7
3334993,2004-07-31,4.85
2997029,2006-01-08,4
1470833,2018-08-25,4
4519696,2016-07-21,7
7146870,2007-11-06,5.5
4723877,2014-06-19,4.3
4406961,2016-11-27,6
4999938,2005-07-20,5.5
4479302,2014-07-17,4
6133719,2008-01-05,6
3161140,2019-11-18,4
4708157,2016-09-29,5.5
7131384,2012-03-15,4.3
4923506,2018-02-05,0
6963361,2001-08-12,8.875
6314526,2019-10-24,8.52
1472100,2012-02-18,4.85
1650104,2004-06-15,7.25
4956473,2011-07-01,0
3523424,2006-04-24,6.5
1882503,2008-07-06,8.52
6363803,2013-08-16,7.25
5542779,2009-10-20,6
1304561,2010-12-10,6
6640295,2019-08-10,5.5
5699171,2009-05-30,4.75
5930598,2012-10-29,4.45
4926179,2005-10-28,7.25
6027084,2010-09-26,5.75
2187369,2004-12-04,7.25
6525498,2002-04-14,6.35
3899462,2017-01-23,4.45
4406804,2008-03-06,6
1500489,2009-06-10,5.75
3909796,2011-11-09,4.3
3480213,2008-09-29,6.5
6567656,2007-05-06,4
5923911,2018-01-03,0
1216694,2015-01-19,4.3
5335195,2000-04-13,4
1551985,2013-02-03,6.35
3573660,2009-09-18,7
4092344,2016-04-05,4
3662884,2009-02-11,8.52
1253281,2016-03-07,6
3150922,2013-07-06,7.25
7093023,2010-06-22,5.5
5305023,2000-09-29,4.85
2690647,2006-03-14,5.5
6547105,2005-07-28,6
1503071,2010-12-26,6
2105212,2008-07-16,0
4713220,2017-12-14,5.5
2781128,2013-10-20,7.25
4651685,2017-09-02,0
5504180,2006-02-14,7.25
1342678,2003-03-02,6
3570977,2013-03-14,4.85
5185959,2019-01-31,5.5
7106530,2000-11-10,6
5533191,2019-02-23,6
1570097,2007-05-10,4.85
2328646,2004-04-28,4.45
3245169,2006-06-12,6
6981719,2005-01-31,6.35
2858641,2013-06-26,8.52
2716051,2019-03-13,7
5528311,2001-01-07,6
5484128,2009-04-27,0
3891860,2014-06-01,6.5
4400628,2009-09-21,0
5326545,2010-09-30,6
5297671,2006-09-02,7.25
1455039,2019-02-24,6
4673176,2015-05-19,6
3573989,2017-07-16,6.5
4807740,2018-10-07,7
4198891,2013-06-13,5.5
4814969,2016-10-10,7.25
6381174,2011-12-28,8.52
6014487,2011-06-16,4.75
5526016,2000-07-02,6
5408819,2012-03-25,4
7308341,2014-05-15,6
3563869,2014-08-02,0
5833318,2017-06-13,8.875
2801694,2008-02-10,0
6327006,2000-02-28,4
5247019,2009-03-19,4
3972753,2011-03-09,0
4811446,2018-01-25,6
1906029,2006-07-30,7.25
4885799,2011-10-01,4
6931090,2005-06-11,0
5705414,2013-01-12,5.75
1636222,2004-09-12,4
6607676,2012-06-30,5.6
4019530,2018-11-10,8.875
2325289,2012-04-01,6
2555784,2012-08-22,4
7150691,2018-02-26,6
3335955,2015-04-02,7
7014320,2004-04-30,6
6764009,2011-06-10,7
3427894,2002-11-10,5.75
1383811,2005-11-25,6.35
2528103,2018-02-08,6
2356771,2010-05-23,4.75
7161762,2001-04-20,7
7066356,2007-01-22,5.75
5696072,2008-04-11,7.25
5562839,2018-01-27,0
7084722,2004-10-27,5.5
6373767,2005-03-01,6
4184682,2006-12-19,6
2992291,2001-12-06,6
4983918,2006-03-24,6
4706253,2007-11-30,4.75
3271044,2017-11-04,6
2018377,2018-07-12,7
1534284,2015-12-28,4
5978290,2006-08-20,0
3349886,2011-12-23,8.875
6321524,2004-07-19,8.875
2147989,2004-11-04,0
1797451,2018-05-29,6.5
2484916,2001-11-03,6
7186061,2005-05-19,7.25
7255384,2013-01-27,6
3784718,2013-01-05,6
7156957,2009-10-16,6.5
4368387,2000-05-04,8.52
6604948,2009-04-12,0
4443535,2001-07-05,6
3266034,2011-08-28,4.85
3819699,2004-12-17,6.35
5962075,2015-10-27,4
6909016,2009-09-13,5.6
5847656,2018-07-18,0
7011789,2015-04-03,7
2986704,2011-12-05,6.5
3395514,2012-10-20,5.5
6702155,2005-09-03,5.5
6452711,2016-07-05,4.75
7320941,2007-06-23,5.75
1511564,2016-07-15,6.5
1137722,2005-01-05,0
2922434,2015-03-15,6
3740745,2017-04-15,5.6
4901577,2017-07-25,0
6243253,2012-04-21,4.45
2970156,2000-10-28,6
2489591,2019-07-10,6
3447923,2008-10-12,5.75
1348296,2001-12-01,6
2592249,2011-10-19,6.35
6054222,2012-01-04,5.5
3935963,2016-08-26,6.5
6949188,2004-11-20,7.25
3635772,2005-03-15,6
4393068,2007-10-13,4
2554206,2011-01-20,6
5883659,2016-08-27,6.5
1265070,2009-01-04,0
5117452,2016-10-13,0
3192604,2000-07-23,0
4949218,2008-04-24,7
1754065,2005-07-06,5.6
6507323,2000-06-22,8.875
6467378,2019-07-27,6.5
2568174,2013-03-20,4
5382036,2010-10-16,6
5691068,2016-03-10,4
6704361,2012-04-28,4
5640940,2012-11-06,8.52
4215702,2011-12-08,4.45
4812687,2000-04-18,4
3943765,2017-08-31,5.6
2446168,2010-12-21,4.85
3819570,2015-12-09,4.75
3881193,2001-09-08,6
1995280,2009-08-09,4
6045123,2006-01-13,6
4371952,2012-10-25,7
6768482,2009-12-06,6
4608806,2016-01-14,8.52
3301512,2001-07-06,6
3058523,2000-06-04,4
1678526,2011-06-02,6
5942281,2019-09-07,0
4677280,2014-09-02,8.52
6397713,2016-09-25,5.6
2303576,2005-05-07,5.5
3048373,2018-11-05,6.5
7305050,2014-06-10,7.25
6501740,2005-06-22,4
2982181,2014-12-25,4
6386246,2016-10-20,7.25
1516790,2000-08-16,0
2163435,2007-03-22,4
4894372,2013-02-19,4.3
3068948,2005-02-08,0
6582795,2018-03-01,7
2101595,2002-07-23,0
3905332,2005-04-16,5.6
2099756,2006-10-25,0
5769323,2000-08-23,0
2351281,2006-04-04,7
1511190,2003-03-20,6
6741014,2002-05-08,4
5365859,2000-10-02,7
4317918,2009-10-31,5.5
6983024,2004-04-21,7
6997790,2011-02-09,6
3612146,2018-08-05,7
1532917,2018-02-03,6.35
5487502,2001-03-24,4.45
2398707,2000-01-16,0
6208308,2000-04-04,5.75
4675450,2011-06-22,6
1531248,2010-04-23,7
2098429,2011-03-29,6
4056716,2001-03-30,4.3
1573484,2015-02-25,0
5834421,2013-09-18,4
3946505,2011-05-01,4.75
1531182,2000-11-22,4
4545120,2007-06-15,6
6788238,2004-04-25,6
7299277,2010-01-04,4.75
6773428,2008-03-12,4
2364439,2010-10-07,7
1634354,2006-03-14,6.35
6310841,2011-10-28,5.5
4173891,2000-08-12,0
3782457,2016-02-18,7
2277798,2009-12-05,0
1705258,2006-08-25,6
3219860,2015-09-07,6
1406763,2016-06-08,4
7107983,2018-09-02,5.5
7322966,2011-10-20,0
5023755,2018-02-21,4.45
2453663,2011-01-17,6.5
7260737,2009-08-14,0
2122133,2012-10-06,6
6876791,2006-09-16,6
3233574,2009-01-29,5.6
6278913,2003-01-12,5.75
3341636,2004-11-30,7
4033621,2012-08-29,0
4976747,2002-11-11,7
1781248,2010-06-26,6
3220490,2002-10-26,0
5652776,2007-05-14,4
2844658,2011-11-11,4.85
6907264,2007-01-06,5.6
2116102,2005-09-17,6.5
2869777,2019-12-18,4
4344173,2005-08-12,4
1210336,2014-11-12,7.25
1317867,2018-12-19,8.52
6613619,2017-02-06,4
4055987,2007-02-17,0
1869485,2001-04-25,6
2238326,2019-10-04,5.75
5949297,2002-06-30,4
1550955,2016-02-19,6
3634237,2017-08-11,6
7059262,2011-05-07,7
1732487,2004-03-01,6.35
3021006,2005-11-01,6
2388960,2003-10-10,6
5052152,2008-12-29,6
1949830,2007-12-15,6
4611661,2001-06-10,7
3992432,2008-05-27,7
4304070,2018-11-20,6
2308509,2007-06-15,0
4244984,2002-12-24,0
1606179,2009-11-17,7.25
3823807,2018-08-18,6.5
4188645,2003-09-12,6
5992300,2004-09-18,7.25
2839407,2013-06-09,6
3640825,2017-10-26,4
1727573,2001-04-02,6.35
5155967,2016-05-28,5.75
3357626,2012-09-18,6
5798754,2018-01-12,7
6041299,2009-12-15,8.875
3631405,2004-03-02,7
2940115,2002-12-23,7
2047978,2008-07-28,5.75
4652928,2000-09-05,0
3279357,2011-09-07,8.52
7091522,2010-03-18,4.85
3967475,2018-12-03,5.6
2823551,2018-03-11,6.35
6011122,2002-09-12,0
6582349,2016-09-16,5.6
4398138,2012-02-24,6
3982943,2014-05-05,4
6715387,2017-05-19,6.35
4117533,2003-02-02,6.35
1282368,2007-06-04,6
1213381,2018-11-25,4
3351731,2019-04-22,6
2754902,2019-10-16,5.5
3648251,2018-05-03,5.5
4307731,2000-12-22,6.5
3380284,2010-04-21,4.75
6353751,2001-06-07,8.875
1728113,2008-07-01,0
3316974,2019-08-11,6
6554008,2004-06-26,7.25
3832481,2007-04-30,6
4760143,2010-11-17,4
6017416,2018-03-21,0
6311142,2009-09-10,4
1794189,2001-12-26,0
6098256,2010-11-02,6
3589784,2011-07-15,4
5491967,2001-09-13,6
3582590,2006-02-12,7
1171484,2009-06-23,7.25
2680115,2005-05-22,4
5885102,2009-01-24,6
2965252,2000-08-28,5.6
7239906,2004-01-18,5.5
1886415,2008-09-17,4.85
2547240,2001-11-30,5.5
4375558,2018-05-01,6
3807129,2018-05-21,6.5
6556108,2011-01-06,0
5118679,2015-07-10,7.25
5576076,2006-10-28,4
1574604,2006-12-07,6
4348370,2014-03-12,0
1240460,2001-10-27,7.25
7337778,2019-09-02,4.45
3712495,2003-09-30,8.52
5047118,2014-12-11,5.75
1806138,2018-05-23,0
6466898,2010-08-14,4
2807590,2006-06-10,5.5
3095416,2005-04-10,6.5
7098067,2019-04-18,4.45
7154590,2007-02-27,6
6158906,2018-01-04,6
3799340,2002-10-11,5.75
4618643,2015-11-30,0
5372724,2016-04-27,0
4595252,2002-08-15,5.75
2837022,2004-04-23,4
5946900,2016-09-17,8.875
2263292,2014-09-19,6.35
4556416,2012-06-14,8.875
1698973,2008-02-13,4
3309763,2006-06-14,4
6142407,2015-01-15,6.5
5661086,2006-07-15,0
1245502,2012-02-09,4.3
4043069,2016-03-29,4.45
3065701,2016-09-28,5.6
7225383,2008-03-27,0
6574015,2011-12-23,7.25
7165770,2010-11-24,6
3430583,2006-12-10,4
3011797,2009-09-18,7
3983340,2014-07-04,0
3327943,2007-02-17,5.5
6601333,2004-11-13,4
4606617,2006-10-10,0
2092722,2000-06-11,7
6124496,2015-02-09,5.5
6487845,2019-01-21,5.75
2159284,2018-07-08,6.5
2703919,2012-11-15,6
5869488,2004-10-20,5.5
3590871,2016-04-20,6
4138207,2008-07-21,5.6
3426607,2009-12-12,6
6220593,2014-09-15,7.25
5465016,2009-01-14,6.5
1778842,2011-08-18,0
1928298,2001-04-10,8.875
3048118,2005-05-22,7
1503686,2016-01-21,5.5
1988222,2013-10-11,4.75
5246608,2011-11-28,4.85
2485512,2010-01-09,4.75
5847889,2014-12-22,6
1341192,2010-02-05,6
2860378,2010-12-05,6
5674322,2000-06-05,4
5364611,2002-01-25,6
6689846,2007-10-31,4.85
4470329,2019-04-22,5.75
5534307,2003-05-12,0
2418107,2014-09-10,5.5
6461171,2013-04-28,6.35
1164924,2013-10-27,6
6964082,2007-10-04,4
3167152,2005-12-05,4.85
4665839,2010-12-06,0
4347140,2017-10-13,0
2758805,2018-10-30,6
2927703,2012-03-02,4
6325624,2017-12-29,6
6913664,2016-06-05,7
1555689,2008-07-15,4.3
7207331,2010-05-21,5.5
1504948,2017-01-22,4
6620289,2014-02-19,7
2671865,2004-11-07,4.3
3140471,2000-07-19,4
4731688,2014-01-10,6
1163751,2017-04-29,6
5316913,2007-01-15,5.75
2075130,2013-08-04,6
3101028,2018-02-26,6
4830064,2015-04-06,4.45
3337526,2017-02-28,7.25
4169254,2011-11-19,6
3857180,2010-03-25,0
1979839,2005-07-25,0
1548862,2017-06-01,6.5
7370016,2012-11-25,0
6178297,2019-01-11,4.3
3316785,2000-04-14,6
1217439,2003-06-29,6
3468331,2008-12-29,4
7055600,2003-04-14,0
5732744,2001-04-26,6
2246174,2005-01-31,4
6387124,2017-08-07,0
4908338,2000-07-10,7.25
1475996,2010-02-16,8.875
6412306,2005-03-26,0
5553460,2000-01-23,0
2283002,2013-05-26,5.5
2369364,2016-02-26,0
6589235,2012-05-28,7.25
3952241,2009-11-14,5.5
2087487,2014-02-22,4
5876319,2006-03-20,4.85
4311588,2013-05-12,5.6
3070212,2015-01-19,5.5
1911495,2008-03-27,5.6
4127340,2017-01-01,0
1117387,2006-12-12,6
5253750,2002-09-18,0
1751585,2005-11-06,4.45
5158499,2007-04-16,6
4770294,2005-12-25,7
4298585,2018-06-16,6.5
5867277,2010-08-02,6.35
2501322,2000-08-05,7.25
2567235,2001-10-21,4.75
2114241,2003-03-16,6
4191351,2019-04-19,6
7334338,2002-12-04,0
4616040,2005-02-06,6
2980870,2006-12-09,8.52
4952327,2015-08-31,7
6037924,2019-06-26,5.75
5426302,2004-07-25,7.25
1756854,2002-08-21,7.25
7192460,2007-06-10,7.25
3383217,2007-11-09,5.6
3333407,2000-09-26,8.52
2436367,2016-12-29,5.5
2094744,2010-02-04,0
2404993,2018-04-07,4
6011875,2008-12-11,4.45
1978214,2005-12-12,4.3
6161857,2002-05-04,4
4284851,2006-04-13,4
3101387,2016-05-03,4.85
6648685,2010-02-20,6
5035355,2019-11-26,4
2630256,2001-03-01,6
4284556,2000-02-10,0
2399548,2010-10-15,5.6
2029617,2003-12-17,6
5056034,2001-04-22,4.75
1701521,2002-02-11,4
1564158,2010-10-30,6.35
5807444,2001-03-12,7
3543924,2008-04-29,5.5
4517564,2011-08-16,7
3315634,2008-06-07,5.5
6717027,2009-04-15,6
1190048,2015-03-07,4.85
2397170,2004-06-26,6.35
6633503,2001-10-02,7
4210104,2013-07-25,0
2613034,2018-09-19,8.52
7014064,2003-02-12,5.5
6548524,2009-08-17,4
5061590,2005-08-15,0
5374467,2011-11-01,4.85
5760970,2005-06-24,7
2261295,2018-03-20,4.75
2563108,2008-09-02,0
1386825,2007-03-25,6
6534804,2000-05-06,0
4908714,2013-09-27,8.52
3883613,2005-11-23,4.75
1716270,2015-10-09,5.75
2595311,2017-04-30,0
2202409,2009-04-21,4.45
7351076,2009-05-17,6.35
4835273,2000-02-28,0
5259244,2012-05-23,6.35
1653270,2013-05-27,0
3850505,2007-11-25,0
2898996,2004-08-12,0
3586571,2014-06-16,4.85
4517199,2007-04-15,6
4911160,2016-11-17,8.52
3923128,2013-04-16,7
3039943,2005-09-04,5.5
4454429,2017-08-04,5.75
3298120,2007-04-08,4
4308662,2008-04-29,6
4746028,2006-10-15,6
2508834,2015-11-02,4.85
4443017,2009-01-05,4
7020203,2019-06-17,8.875
1982899,2014-10-11,8.875
7301396,2009-03-21,6
1382545,2016-06-26,5.5
4184865,2006-02-12,4.3
6526153,2015-06-11,0
5570766,2003-05-21,4
3433071,2014-08-21,6
6486739,2013-03-05,7
3697053,2012-11-04,0
4771988,2011-12-31,7
6849244,2011-08-22,4
4584291,2000-05-22,6
3249322,2007-11-10,5.5
4328842,2000-11-12,4.3
7188213,2005-12-23,4
5609495,2015-10-04,7.25
2525567,2003-12-30,7
4734382,2010-12-23,7.25
3024469,2010-10-04,6
1186708,2001-11-04,0
2699036,2010-09-18,6
4312665,2017-06-25,7.25
4500856,2005-04-05,4
1628428,2008-11-02,0
3649018,2013-09-13,5.5
2965446,2017-02-09,0
4138673,2004-05-31,4.75
3425702,2001-10-25,4.45
5557402,2017-02-17,5.6
5725406,2000-03-28,4
5261853,2008-07-19,4
6416220,2009-03-19,7.25
1956172,2008-05-01,5.6
6199197,2008-07-27,0
5192302,2006-09-14,6.5
4536857,2014-07-01,7
7360947,2000-06-12,5.5
5393037,2006-10-18,7
1352078,2015-04-09,7
2308271,2003-10-21,4.85
1621956,2010-09-25,8.875
3854004,2001-06-07,4.3
5774217,2008-03-10,4.85
5512801,2002-09-23,5.5
5467266,2013-03-22,6
4793436,2015-01-31,4
7059616,2008-09-19,5.6
2296325,2011-07-25,6
3052592,2009-04-21,4
4191939,2010-06-14,6
3459964,2018-10-16,8.875
6761385,2002-01-21,5.6
2271862,2002-11-17,6
5708272,2010-10-13,5.5
6399921,2019-07-24,0
4862701,2000-01-07,8.52
3944844,2007-04-02,4.45
1699372,2018-04-27,6
4682893,2005-09-24,5.5
4983307,2018-08-23,8.52
1180734,2009-03-09,6
1424237,2008-05-01,6
4876331,2011-01-23,7
3495920,2015-02-13,4.75
1696154,2014-03-08,6
4699497,2016-05-23,4.85
2749865,2001-06-13,7
4965418,2010-08-09,0
2654691,2002-08-16,7.25
3821345,2001-11-10,4.3
6461950,2001-01-20,6.35
4974256,2013-06-03,4
5903631,2007-09-15,8.52
3915791,2010-08-07,5.6
2448460,2017-06-04,4
5919706,2012-09-19,6
4816624,2003-06-14,6
6698490,2005-07-19,4
6674165,2014-12-28,5.75
6064703,2008-12-02,6.35
6092987,2002-07-26,0
2399306,2017-04-18,4
5586170,2016-04-08,6
3990048,2006-06-14,6
3623990,2017-10-08,5.75
1311167,2013-08-18,7.25
1249068,2019-09-26,5.5
1213420,2019-02-21,0
4242440,2016-05-22,0
4705989,2002-04-17,4.85
5617908,2019-07-19,5.75
1381205,2003-01-21,4
3228107,2018-07-13,7
2849405,2010-09-15,6.35
1872835,2018-03-24,5.5
7152184,2019-02-06,6
3756509,2002-11-21,4.75
4520668,2011-03-30,4.75
7072980,2003-08-17,4.75
2438798,2001-05-20,0
6361254,2015-02-12,6
4496343,2009-10-08,0
4203747,2019-02-21,6
3238299,2004-06-29,4
7329248,2004-03-30,5.5
5850613,2001-10-07,6
5438322,2003-07-20,4
4981982,2015-02-27,6.5
3495452,2005-11-29,4
1920344,2008-11-24,4.75
4115250,2012-09-28,5.5
2750638,2002-08-28,4.75
2024990,2002-02-06,7.25
6219405,2019-05-22,4
3703558,2008-10-01,7
5811475,2014-04-03,7
6412842,2017-04-18,4.85
2332798,2008-08-15,6
2454071,2013-05-04,4
6468452,2002-10-26,6
3697733,2016-05-20,6
5151191,2019-09-29,7
1913792,2004-09-06,6
3104108,2013-08-27,0
6959598,2004-10-05,0
5917964,2004-10-12,5.75
4889408,2007-10-29,6
6656410,2009-08-05,5.75
2148975,2004-07-26,0
7081855,2006-02-07,6
3342413,2005-10-29,6
6912359,2001-10-30,4
2215530,2018-05-06,7.25
5271578,2017-08-21,6
2921302,2006-06-04,4
2370134,2015-10-07,6
4652616,2019-05-24,6
4408518,2009-06-03,4
6678036,2014-07-03,5.75
3704949,2005-07-06,7
2910381,2006-02-13,4.45
5924564,2009-03-03,5.75
6247649,2019-09-16,0
2564633,2006-01-09,4.85
1455379,2005-03-09,6
1911434,2002-08-14,6.5
1965997,2012-06-17,8.875
5460458,2019-11-15,6
2250709,2011-04-10,8.52
1518315,2003-03-16,7
2582205,2018-12-30,5.75
2104244,2001-03-11,0
1535690,2018-03-15,6
6240418,2013-10-13,6.35
2596420,2013-08-16,0
6467449,2017-08-19,4
4489273,2003-07-24,7.25
1329366,2012-08-02,5.6
4470822,2002-09-27,6
3989486,2012-04-21,0
5848962,2013-02-11,4
2621265,2005-03-23,4
3101600,2002-10-10,4.75
3535683,2014-05-31,8.875
1334536,2015-07-25,7.25
1367515,2005-01-03,8.52
2347150,2004-12-11,0
6758513,2006-07-18,7
4147781,2016-09-16,4
1347565,2006-07-24,0
3668211,2016-09-06,0
6598912,2004-11-06,0
3094931,2000-09-20,5.75
5010785,2018-01-24,6
4219621,2012-06-14,7.25
1356426,2006-03-04,6
6729288,2006-07-06,6.5
4346104,2006-02-01,6
5230612,2011-08-09,6
2701340,2005-11-10,5.5
2086294,2016-02-07,0
5277255,2011-12-12,4.45
5742953,2014-01-07,6
5400236,2009-08-06,5.5
3768503,2012-06-13,7.25
6779348,2011-05-03,0
5569443,2008-08-26,4.85
3246407,2010-09-06,6.5
4204767,2014-05-06,4.45
4619251,2013-08-07,6
3742530,2001-05-24,4
6445777,2000-09-23,5.5
3676597,2002-02-05,5.75
5078285,2005-12-18,6
3765606,2013-05-30,4
6522725,2011-04-09,6
6126190,2002-08-06,4
5788077,2003-10-30,4.45
2546684,2003-12-02,5.6
4635506,2005-11-21,8.875
3193355,2012-03-22,4
4236743,2006-08-09,8.52
2228922,2003-05-01,0
7063355,2018-01-26,6
3979972,2001-09-04,6
3378675,2014-09-13,5.5
1701472,2009-06-12,6.5
2992197,2005-08-19,6
3604057,2018-12-15,6.5
6789481,2007-10-06,4.75
5655426,2017-12-31,6
1618662,2010-04-14,5.6
5299726,2005-04-05,6
5899635,2006-11-04,4.3
4189070,2009-03-28,6
5831676,2009-05-14,5.6
4557828,2016-07-16,4
2077492,2003-11-09,4.3
1748909,2005-08-30,6.5
2004885,2017-10-20,0
5768219,2010-05-24,4.45
3672701,2004-03-18,4.3
5067739,2010-10-23,8.875
1550463,2000-01-31,4
6433551,2013-07-28,4
1158428,2009-01-14,0
2884084,2004-07-22,8.875
6377355,2009-06-17,5.6
4182391,2016-10-07,6.5
4626560,2005-11-29,4.75
2027470,2000-09-05,5.5
1123484,2002-11-07,4
1521673,2003-01-14,4
3158959,2011-12-02,6
4046632,2012-04-18,0
1753344,2014-11-08,4
3299218,2013-04-30,6
6705301,2016-12-05,7.25
4345824,2010-12-16,0
4906339,2001-11-25,5.5
1756068,2016-05-09,0
5664379,2014-06-23,4
3778024,2005-09-19,6
5348804,2002-08-29,4.85
4558193,2019-06-29,6
2270347,2016-10-01,5.75
2464759,2000-11-07,6.35
4740728,2019-09-27,4.85
3352528,2008-12-26,7
4424690,2009-08-21,0
6898801,2011-03-05,0
5588348,2011-07-06,4.85
3477966,2004-01-10,4
3700343,2014-09-22,6
6357295,2008-07-16,8.875
5737787,2002-09-27,8.52
1933348,2015-08-26,6.5
4761105,2004-05-13,8.52
1412569,2009-08-11,5.5
3794878,2004-12-23,6
4703033,2013-03-27,4
6050817,2007-04-11,6.35
2278706,2018-12-17,4.3
5506954,2010-01-11,7.25
3401190,2002-10-16,4
6032695,2013-03-29,4
1628807,2014-07-05,4
2905938,2005-10-09,6
5749597,2007-11-25,8.52
7362005,2006-10-01,5.75
3904710,2005-01-08,0
4390575,2011-02-05,4.3
1404635,2015-05-25,5.5
6048468,2017-12-13,4
4431923,2013-07-06,8.52
1423085,2009-06-12,4.45
4732588,2013-03-04,6.5
7236769,2009-12-31,5.75
6298824,2015-01-24,5.75
4144370,2011-06-25,4
6735468,2003-02-09,8.52
2557027,2002-01-12,6
7204797,2009-04-26,8.875
5153527,2016-04-24,0
6085124,2006-10-24,4
5766823,2010-07-05,7
5784843,2003-12-23,8.875
2961791,2016-08-27,7
2101804,2004-04-24,4
7126778,2016-06-06,0
4359734,2012-12-09,5.75
3242707,2001-12-10,0
5423174,2003-08-10,7.25
3128311,2000-03-25,4.3
3782752,2007-04-05,6.5
4620513,2012-12-30,6
5643688,2007-06-28,4
5888636,2012-12-25,5.5
1618496,2009-05-21,7.25
5785967,2010-01-03,0
2206021,2000-04-04,6
4643710,2005-03-12,7
3276678,2011-12-05,6
2955124,2000-05-28,6
5990300,2018-05-22,4.3
3580918,2000-08-07,6
4185553,2010-01-03,4.85
4780037,2003-09-30,4.3
5501226,2008-09-02,6.35
5272106,2005-01-15,4.45
2954537,2019-11-18,4.85
5524185,2006-03-07,4.3
5026895,2005-04-07,0
4508617,2007-08-01,7
2146072,2016-03-26,4
6094066,2001-06-16,6
2936479,2003-07-02,6.5
4574001,2012-10-13,5.6
1660555,2000-12-10,7
2321304,2019-10-24,6
2435463,2002-09-13,0
4978938,2014-07-17,7
1492300,2007-01-25,6
4702238,2013-09-01,6
6558775,2008-08-04,7.25
1848120,2017-06-20,4
2204379,2016-06-15,7.25
1257140,2008-07-17,0
1588040,2009-03-26,4.45
1333321,2019-12-19,7.25
2367319,2003-06-21,6
2484079,2017-11-09,6.5
1401581,2006-01-29,8.52
4118556,2016-11-25,4
1959778,2014-09-04,6.35
1916322,2017-05-30,6
1520330,2000-02-06,4.85
2808748,2012-08-30,6
3507926,2006-09-14,6
6088058,2004-01-31,0
2211494,2000-01-01,4.3
3427044,2016-04-24,6.5
4886256,2005-10-08,0
3265466,2005-09-07,6
6462685,2009-07-29,6.35
1961096,2006-04-04,8.52
3252464,2008-07-02,6
4831395,2006-10-16,4.45
2162626,2014-10-16,5.5
4110017,2015-07-28,6
4058355,2005-08-23,7
5847369,2004-03-14,7.25
2053794,2010-08-18,0
2539346,2010-09-13,6
6034666,2015-09-01,6.5
6899858,2004-06-02,4.85
6196854,2012-07-22,0
2847978,2016-10-01,4.45
7376986,2005-06-30,5.6
6265157,2015-01-11,5.5
2217267,2011-02-27,6
1894953,2019-12-01,6
1592079,2007-11-16,7
5832154,2017-09-18,4.3
4140093,2013-07-29,6.35
1712241,2016-05-17,4.45
4562034,2004-01-08,4.85
6871735,2009-10-11,4
2660744,2013-09-25,4
4674211,2016-08-08,4
3118121,2015-03-20,4.85
4036911,2017-07-18,4.75
5894664,2006-10-17,6.5
3612889,2017-07-06,6
3243806,2004-03-08,4.85
7090484,2017-04-24,6
2410742,2005-04-04,6.5
2537962,2006-08-25,5.5
7328173,2011-12-09,7
3362797,2002-11-06,5.75
1176975,2017-05-04,7
3295536,2000-06-25,0
6177746,2001-01-03,4.3
5556208,2010-05-28,7
5528308,2006-09-29,6
5020865,2019-10-18,6
2034172,2001-05-15,4.3
4768143,2016-11-08,5.75
3570327,2017-01-06,6
5364348,2003-06-11,6
6006438,2010-09-15,0
1273092,2012-11-06,7
5443155,2019-10-30,7.25
2268863,2011-09-27,0
2631396,2018-06-23,0
6682691,2017-10-30,8.52
2725890,2011-09-30,8.875
4512047,2010-04-19,0
7297984,2015-04-11,4.85
3687415,2001-02-14,4
4241228,2018-10-05,5.5
5613292,2004-11-13,8.52
2670326,2013-03-23,8.52
2108299,2011-12-23,5.5
3053293,2012-10-01,7.25
4835661,2016-02-04,4
6057542,2009-06-10,8.52
4225044,2003-05-30,5.75
1174987,2005-03-01,7
3920863,2008-10-31,4
3332769,2007-10-26,6.35
2708318,2008-09-15,8.875
6245032,2005-11-10,6.5
5910767,2008-03-01,5.75
6550384,2010-07-05,4
2010949,2005-04-15,6
4713558,2013-02-23,4
6129814,2011-08-05,6
3157972,2018-08-22,8.875
7062087,2002-11-25,5.75
2876751,2007-08-31,4.45
4350229,2004-05-29,7.25
1727921,2001-02-26,5.5
6293430,2006-07-13,0
5571075,2004-01-26,0
3114069,2010-04-16,7.25
2643335,2004-12-14,4.45
3380915,2009-03-12,6
6468211,2014-07-23,8.875
4300954,2009-11-01,6
1833117,2006-10-11,8.52
6801449,2013-08-13,0
6939043,2017-07-06,6
2702576,2006-01-12,4.75
5142607,2013-10-11,7
1406295,2010-04-22,7.25
4327206,2008-01-14,6.5
4196018,2012-11-12,7
6701780,2016-12-05,5.5
3026972,2008-01-25,4.75
5086471,2009-02-16,4
3752401,2013-08-27,6
3951392,2018-10-18,4.3
6056608,2016-06-30,4
7002106,2019-05-03,0
5863330,2011-04-14,4
5690896,2010-12-30,0
6998194,2002-02-05,5.5
3162718,2013-03-02,4.45
1181721,2001-04-14,4
3090621,2018-02-10,4.45
4539681,2006-09-11,0
5715127,2016-06-30,5.5
2527223,2004-12-05,6.5
6833546,2013-10-04,7
7152637,2011-01-30,4.3
1453774,2006-10-31,5.5
6437069,2010-12-30,4.85
2249566,2003-01-27,6
6066725,2009-11-11,4
4845161,2004-01-21,4.3
7313221,2002-11-30,4.3
1433896,2000-03-30,7
5707353,2002-06-10,6.5
5318762,2002-03-25,6
3862539,2003-03-18,6
7292725,2016-08-22,4
5714365,2010-06-14,6
1785549,2000-04-11,7
4389159,2001-03-10,8.52
6695723,2003-04-25,4
6306290,2018-06-13,7
1548662,2007-02-18,6
6204866,2001-11-30,4
4272689,2008-06-02,6
4299060,2015-07-26,4.3
6758597,2004-04-09,6.35
3226069,2008-04-16,6
3340271,2009-09-30,7.25
6985193,2014-02-14,4.3
3910462,2019-02-22,6
3424921,2004-06-04,5.5
1538267,2010-08-07,0
3331329,2015-01-26,6
6686274,2011-06-13,4
6194337,2013-04-17,0
3283550,2019-11-05,6
1463613,2003-06-03,7
4362184,2013-07-17,6
5333293,2007-12-25,4.85
6911763,2017-06-23,4
7324361,2013-02-19,5.6
5918814,2002-07-10,5.5
5800478,2001-01-22,6
1407411,2001-09-15,8.875
5961883,2003-09-22,4
6951534,2012-05-11,8.875
2834523,2017-05-08,5.5
5261469,2017-09-09,4.45
5344097,2015-04-14,6
5687495,2010-04-29,4.3
6500330,2010-02-15,8.875
3969897,2015-10-06,0
7027464,2000-06-20,0
6963972,2017-11-11,7.25
4940640,2008-02-02,4.75
7189593,2005-08-19,7
1931953,2008-04-09,6.5
5880266,2003-05-29,4.85
4322720,2001-03-05,5.5
6035941,2019-06-23,6.5
4784601,2004-12-19,7.25
2785178,2015-03-12,5.6
2847748,2009-12-24,0
1916759,2007-08-31,4.75
6770061,2000-11-18,7
6520410,2000-01-17,4.85
6552595,2004-11-21,6
7031756,2008-05-15,4.45
7093623,2009-01-26,5.75
5598550,2015-01-25,5.6
6575741,2002-06-24,0
7266987,2012-06-02,6.35
6930730,2017-07-09,0
3675795,2013-02-11,8.52
5471660,2015-07-12,6
2872331,2006-01-26,4.45
4510926,2014-01-26,4
3595732,2005-09-09,4.75
3941281,2002-12-22,7
5791770,2017-09-16,4
3691505,2019-08-17,6
6147017,2010-11-14,4.85
6020735,2013-04-25,4.3
6676673,2005-11-08,6
3885193,2013-01-06,4.75
4867262,2000-07-23,0
4018672,2003-05-18,0
2402430,2019-02-04,4
2762489,2003-05-15,5.5
7360034,2011-01-20,6
2582762,2018-06-24,6
2270788,2000-07-20,7.25
1428972,2019-02-08,0
7081422,2001-05-24,7
2373731,2013-01-22,8.875
2349091,2008-09-01,4
1864749,2004-12-05,0
6160753,2005-11-01,4
6886721,2000-07-18,7.25
6025341,2014-08-28,7.25
4701598,2017-11-23,8.52
4292007,2019-10-23,4
6378566,2005-02-28,0
7231279,2008-06-06,4.85
1683323,2007-10-06,6.5
2901363,2009-08-30,4.75
4184333,2015-03-10,7.25
3107369,2001-04-06,4
1954255,2007-06-24,0
2728357,2001-01-03,7.25
1633253,2001-07-23,0
5590836,2000-06-25,4.85
2871283,2010-07-03,7
5713953,2000-12-06,5.5
6037920,2002-11-17,6.5
3136118,2002-05-06,4.3
1692789,2004-09-08,6.5
6358722,2015-05-29,4.45
6826949,2003-04-17,5.75
2477901,2010-11-14,6
1657329,2009-11-29,4.85
6830778,2008-12-18,7
1753655,2006-06-26,6
4921251,2011-05-22,7.25
5338402,2002-08-28,4
1623005,2002-05-09,4
3812525,2007-12-06,6.5
2669967,2016-06-01,4
5299131,2004-07-26,0
1142848,2007-11-30,7.25
7180892,2010-12-10,7
2861939,2015-10-24,4.85
1177153,2000-07-11,7.25
7376738,2001-02-26,6.35
6112081,2005-08-09,6
6482210,2014-03-11,6.35
6971588,2010-09-26,4
1716627,2006-09-05,4
3351988,2003-08-13,6
7289838,2009-03-22,8.875
3225124,2003-05-31,4
1691756,2002-06-12,7
4100150,2015-02-06,5.5
1915887,2010-10-03,4.3
4457536,2004-05-14,6
3383907,2002-10-24,7
2721776,2002-02-11,0
5293031,2011-05-02,5.6
3135177,2012-05-28,7
2672990,2002-11-27,0
4614282,2007-06-24,0
6946141,2012-04-13,0
2188982,2013-03-19,4
1826241,2016-11-06,6
2961705,2012-05-16,0
5327025,2019-01-05,0
2248192,2011-08-26,4
2129503,2009-10-16,6
3681551,2007-02-07,6.5
5352060,2007-02-06,0
5610579,2018-09-21,4
2070323,2018-08-01,4
6411797,2013-03-09,7
4644638,2010-12-08,5.75
3274471,2015-05-20,4.75
6973209,2011-10-24,6
3091397,2007-11-06,7
5989927,2014-03-09,7.25
3256166,2012-01-22,4
1452967,2013-03-12,7.25
1615958,2016-02-01,6.35
2319628,2006-09-13,7.25
6437349,2006-10-18,5.6
1263588,2012-11-08,6
6300542,2002-05-14,6
2836041,2018-11-19,0
6723532,2006-10-23,6
4089486,2008-10-09,6
1734643,2012-12-10,7
2479298,2016-11-15,0
1438218,2017-07-31,0
4437714,2012-01-17,6
1409364,2001-10-16,5.6
3665004,2003-05-28,6.5
3496466,2019-03-28,7.25
5990615,2014-01-27,7
3548320,2001-06-27,6
3962729,2004-03-29,4
3105756,2001-08-23,6
4932716,2002-03-17,4
5922915,2006-08-03,4
6322733,2015-01-08,7.25
6479507,2011-07-13,6.35
1289862,2013-06-11,7
1982827,2002-03-02,6
1323255,2017-04-24,6.5
6948000,2016-12-17,0
7192828,2011-10-19,6
6706549,2009-08-15,4.85
4259315,2001-07-29,7
1640973,2001-02-10,7
3222729,2002-04-25,0
2805989,2017-08-23,4.45
1613911,2007-10-04,6
5834860,2002-01-12,6
7361958,2018-12-26,6
4347837,2000-05-15,6
5931940,2005-04-19,6.5
7204390,2003-12-03,6
3828848,2007-12-12,6
3816325,2017-04-26,7
1978830,2002-04-24,7
6032876,2002-08-18,6
3272208,2016-01-22,6
2859034,2015-05-23,6
2619484,2012-05-12,8.52
1491482,2006-08-15,8.52
5584011,2019-09-30,6.5
5896090,2002-11-13,5.6
6245620,2018-10-20,4
2354943,2000-02-29,6
4193343,2006-03-03,0
4569994,2000-08-07,6
4053800,2017-03-15,0
1570448,2011-04-23,4.75
6933490,2016-11-11,8.52
2037976,2010-11-30,7.25
3002323,2019-07-10,4.85
5602553,2006-11-05,4
3513653,2004-01-26,4
6698819,2019-10-20,4.45
2145145,2015-07-18,7
6214371,2018-08-31,4.75
2781167,2003-03-06,8.52
4233244,2005-05-12,0
2417445,2000-05-31,7
3577653,2012-01-23,5.5
3179422,2003-11-29,7.25
3191867,2019-05-08,0
5929442,2012-07-05,4.45
1549154,2003-08-16,6.35
6874724,2008-08-16,8.52
5214409,2004-11-29,4
3558480,2004-03-13,4.75
3971066,2006-11-27,4.45
5050800,2005-11-22,6
6772820,2018-11-21,5.75
5635327,2006-02-17,6
3660078,2000-08-13,5.6
6939164,2002-08-23,4.85
2303238,2014-08-07,6.5
1437834,2001-08-23,6
4981393,2016-02-08,6
5381339,2019-04-27,4.3
4058329,2018-12-07,6
2588704,2005-07-24,0
1202735,2010-07-14,6
5407784,2018-02-19,0
2940684,2008-12-08,4.75
1327986,2006-11-04,6
7033371,2015-07-14,4
5767252,2000-05-23,4
6674878,2010-10-12,5.75
3421210,2011-06-12,6
1716681,2015-06-28,8.52
1855891,2005-09-17,6.35
4217666,2006-10-01,7.25
6284721,2010-03-26,7.25
3573100,2013-11-13,6
5057351,2014-06-11,5.5
4895081,2013-11-16,4.85
5719032,2014-01-27,0
6168208,2001-02-19,4
1807430,2013-07-13,0
2825342,2004-11-22,4
1189582,2005-01-07,5.75
5942657,2012-02-07,0
5460377,2001-08-20,6
1604333,2010-02-27,6
1734546,2001-04-04,6
3012192,2018-08-06,8.875
7066266,2009-01-08,4.3
1863924,2014-04-18,7.25
3336106,2002-05-28,5.75
3894500,2000-06-28,6
6777399,2018-01-02,4
2050261,2014-11-30,6
7133246,2001-03-25,7.25
5444018,2014-10-27,7
4354201,2007-04-15,4.85
6317247,2017-03-16,4
1266062,2011-07-02,4.75
6220126,2013-05-05,4.3
3463905,2010-07-03,5.75
3982642,2000-04-29,5.5
2557474,2016-06-26,5.75
4228012,2013-05-18,4.75
4545377,2016-09-17,7.25
3879768,2014-07-30,0
3911168,2012-10-09,6.35
2570747,2015-04-21,7
6053931,2003-12-26,4
5085733,2019-09-23,0
3304984,2018-04-05,4.75
6224151,2005-07-17,6
6083605,2003-05-11,6
6102211,2019-08-03,7.25
4858423,2005-07-15,0
3327590,2016-02-29,7.25
1546578,2003-07-25,6
6255329,2001-04-28,0
4858116,2018-06-25,4
1504612,2009-02-28,5.6
5490547,2006-02-08,5.6
4730256,2006-06-17,0
1433063,2000-08-28,6
5948403,2001-08-24,6
3731617,2015-09-13,6
5624135,2011-07-02,0
2358837,2010-04-03,0
6917171,2003-11-03,5.5
5999014,2017-02-21,6
5800607,2017-09-19,0
6539540,2007-05-14,5.5
6888342,2009-03-11,6.35
2011500,2000-06-11,0
5279703,2018-07-21,7.25
6762144,2019-09-01,4.45
2478202,2008-07-10,5.5
5662865,2018-04-29,7.25
4350859,2008-03-09,0
3397677,2016-05-16,6.35
4777486,2017-09-23,4.45
2722262,2013-09-11,8.875
4268614,2018-04-02,6.35
6608242,2018-01-12,5.5
6373242,2010-10-28,4
1142497,2017-11-17,4
1977105,2008-01-23,6
4719489,2019-02-07,4.3
7263946,2015-11-08,4.85
4591743,2012-10-01,6
3985028,2016-06-30,6
4417463,2013-02-23,6.5
1607489,2016-04-06,0
2972708,2006-07-10,4.85
1926459,2009-12-04,7.25
6814817,2004-09-30,5.5
3210508,2011-03-02,7
2126409,2019-08-28,4.45
4093873,2002-03-24,6.35
2795705,2006-11-17,6.5
6160385,2018-03-23,6
4395839,2012-04-17,6
1394808,2000-10-09,5.5
1351696,2011-05-18,4
4688902,2010-09-27,6
6722450,2015-03-19,4.75
1374948,2011-02-04,7
7081654,2003-08-20,8.52
4157780,2006-07-08,0
3169204,2004-03-04,0
4917544,2013-03-06,6
5654555,2007-06-03,4
5760066,2015-10-25,4
5228079,2019-10-20,6
1398693,2015-12-03,6
1251089,2002-08-16,6
5412548,2003-06-22,4.75
4797773,2001-08-12,4
2758833,2017-01-05,4.45
1793724,2015-02-25,7.25
5495411,2017-12-06,5.5
2123126,2002-07-17,6
1948942,2002-12-28,0
6367520,2004-04-04,4.75
5052492,2012-08-05,4
6831837,2000-05-13,7
5112049,2005-07-06,0
4108106,2010-09-17,6
6295600,2001-06-06,4
4344290,2005-11-10,6.5
6634138,2013-12-12,6
3972539,2019-06-21,5.6
3328214,2008-09-19,4
2687427,2013-09-04,7.25
1274675,2013-08-11,4.3
4972028,2013-01-28,4.3
3929267,2008-01-15,6
6293650,2002-05-09,8.875
1123927,2015-11-12,4
1946336,2006-10-07,0
5984235,2015-06-11,6
5111840,2007-06-01,4.45
5436440,2016-03-14,6.35
6812194,2008-10-23,4
2900403,2007-08-06,5.75
3320199,2006-11-28,6
1938477,2012-11-08,8.875
5393977,2011-09-19,0
5461622,2009-06-23,7.25
3472217,2000-01-28,0
3201868,2011-04-13,4
6835324,2007-10-30,8.875
2040966,2004-11-04,8.52
1436374,2000-08-11,4
1592574,2007-06-05,6
4888315,2011-12-06,5.5
2189381,2008-01-14,6.5
1526853,2010-01-07,6
3756589,2000-04-10,0
3888237,2014-10-15,8.52
4618479,2005-03-12,6
3645184,2015-02-06,0
5291940,2004-06-18,6
1931021,2014-09-29,4.85
6725243,2002-10-18,5.5
1159454,2000-04-25,6.5
1370324,2017-02-04,4.75
1781908,2017-03-25,6.5
5863781,2016-06-03,6
3811391,2006-10-17,8.52
3126089,2017-01-29,4.75
5010812,2002-04-26,4.75
6440680,2015-04-05,7
4874205,2011-03-21,4
3413856,2000-09-23,5.5
6762833,2005-12-29,4.3
5109957,2000-05-14,8.875
6708644,2012-06-20,0
6162208,2018-03-11,0
6253991,2015-10-17,0
7211010,2009-05-19,4.85
5694034,2001-06-30,6
6048550,2013-01-10,0
5793076,2014-02-19,0
5160033,2016-01-06,7
2092653,2001-06-18,0
1222302,2014-03-25,0
4441591,2009-07-03,8.52
1476898,2010-01-23,5.6
2075449,2007-12-02,6
3535748,2015-02-23,8.52
3019847,2009-10-07,5.75
4519159,2000-09-06,8.52
1386475,2015-05-04,4.3
4129966,2016-04-16,7
1184975,2006-07-28,5.75
2962843,2015-03-03,6.35
3783492,2000-10-20,5.5
3615980,2007-06-03,0
3035849,2008-01-13,4.85
2357502,2014-11-18,6
1819278,2010-10-26,6.35
4886772,2018-03-30,8.52
7121548,2012-03-05,4
5001950,2016-03-08,4.3
6644576,2003-04-11,6
1699280,2014-01-07,4
2692295,2000-09-26,6
1749228,2010-05-20,6
7045580,2015-02-18,6
2423384,2016-01-06,6.35
5969548,2013-10-11,5.6
3589336,2017-11-16,6
6414515,2017-04-03,4.45
6684566,2002-07-18,4
5388332,2018-06-14,6
6518320,2013-03-07,6
3220241,2018-12-02,4
5408126,2007-11-15,0
4745678,2010-12-13,4
5992796,2005-05-07,5.5
7259343,2018-12-13,4.85
1248651,2019-10-02,4
2289755,2008-06-12,4
1759502,2006-11-12,0
4139756,2012-08-09,4.85
6218108,2008-08-30,6
6455351,2017-01-12,4.3
5924114,2003-09-12,7
3462024,2001-12-03,5.6
1671573,2001-06-12,4
2082559,2011-03-05,4
7351062,2015-06-02,4
5595421,2006-12-22,6
2804923,2000-03-03,6
7146661,2001-10-31,6.5
4579929,2013-10-05,6.35
2987599,2009-06-04,6
5372679,2019-05-20,5.75
6888870,2005-10-27,5.5
6749345,2000-02-13,4.3
2393625,2008-08-05,6
3613450,2013-08-01,5.75
6915316,2009-06-05,7.25
2554655,2010-06-11,6
4963731,2014-04-02,6
5832746,2014-05-31,5.5
6856530,2015-08-16,6
7343359,2006-10-29,4.45
4824686,2018-09-25,5.5
7261416,2004-12-10,4
3058727,2000-09-24,4
2489233,2011-05-10,0
5444597,2010-02-25,6
1642917,2010-09-06,6
2381158,2000-10-29,7
6114801,2006-07-23,4.45
5194097,2013-09-01,6
1996455,2018-04-04,4
5694230,2018-06-02,8.52
2089329,2004-12-18,4.45
4541176,2000-12-09,6
4271838,2010-12-09,0
1838849,2004-05-13,7
3556474,2013-01-16,5.5
2691622,2014-01-11,4.85
3669890,2001-11-03,7.25
5967663,2003-01-28,4.85
3006134,2000-03-06,8.52
3242409,2005-08-29,0
6796000,2003-08-05,5.75
6241154,2004-11-15,7.25
2227342,2000-05-14,6.5
5148735,2018-06-05,4
2373502,2015-08-08,0
6490172,2008-09-19,8.875
2610037,2013-08-09,4.85
1173190,2006-04-19,6
4298187,2018-08-28,4
6316949,2006-04-10,4.45
1371258,2006-07-25,7
5599657,2003-03-05,6
3602017,2000-10-18,0
2033150,2001-06-22,0
2083561,2018-06-20,4
5548478,2016-03-22,4.3
1252813,2016-04-30,6.5
5573567,2016-07-11,0
7212565,2001-06-29,6
1903089,2001-10-21,6
1594454,2014-07-23,7.25
4289070,2005-01-16,6
3083750,2006-09-04,4.3
4895049,2009-08-17,6
5239723,2013-10-30,6.5
2797887,2012-04-28,4
6489426,2001-02-02,6.35
1908130,2018-05-13,0
4500350,2018-10-16,7
4539812,2007-11-16,6
1270048,2005-05-09,5.5
5270103,2015-04-08,8.875
5144802,2009-03-29,4.3
3719687,2007-01-04,4
6684479,2015-11-09,4.3
3586980,2017-08-19,0
1441785,2009-04-11,5.5
1585272,2001-11-05,0
5242218,2010-08-25,4
1674559,2004-04-26,0
2974348,2015-07-01,7.25
3319096,2004-12-07,7.25
2441718,2004-04-05,6
3013798,2016-11-12,4
6907666,2014-02-18,4.85
4489967,2004-10-02,5.5
2776195,2000-09-02,4
6904641,2004-12-03,4
6957454,2006-07-04,5.75
4438686,2013-07-01,0
6420711,2006-01-12,4.45
6068805,2006-05-25,6
5709067,2000-03-04,6
2092629,2010-01-21,5.75
2805274,2008-07-19,6
5042491,2010-01-26,7
4054523,2018-07-31,0
4471199,2004-07-11,7.25
4645278,2013-11-14,0
6581416,2013-05-16,8.875
4213716,2019-05-18,8.52
3414490,2001-07-30,4
3245349,2018-07-23,4
1488611,2006-02-24,4
2253672,2000-02-22,8.875
3546914,2007-02-11,4.3
2026059,2017-04-17,8.875
4846904,2011-11-17,5.5
2139823,2008-01-23,5.5
3719367,2008-01-05,4
3709117,2013-12-28,4.45
5007136,2006-05-29,4.75
2049527,2006-07-16,6
6651310,2012-03-26,4.85
6666642,2017-08-01,7.25
7371725,2010-12-24,6
2251687,2017-02-09,8.52
2947979,2008-01-15,8.875
