rac_id,tot_ret_item_cnt,tot_ret_amnt,cus_id,warehouse_id,prod_id,ord_id,comp_id
178,0,0,1191,0,13,5484681,41
179,2,1008,1754,1,35,6727420,59
180,0,0,2454,2,46,4711571,48
181,7,970,2493,1,62,3555795,34
182,0,0,512,1,46,5687001,48
183,5,71,930,3,44,1985674,46
184,0,0,1504,2,63,5994079,43
185,0,0,805,3,28,5087861,20
186,0,0,346,1,60,6077808,57
187,9,60,2589,2,66,6241665,40
188,0,0,1624,2,53,5677372,55
189,11,1026,1155,2,44,3695577,46
190,8,1007,1127,0,15,6047294,65
191,1,49,2428,2,23,3236261,9
192,2,742,1370,3,66,5868564,40
193,0,0,491,1,47,6500666,44
194,2,39,1288,1,13,5255967,41
195,5,615,1335,3,67,4924882,33
196,4,632,1249,1,59,1791485,56
197,0,0,1594,2,35,6894826,59
198,0,0,1428,3,37,3986347,19
199,0,0,864,3,35,3560653,59
200,0,0,1253,2,62,3326659,34
201,9,195,1657,0,24,3779453,8
202,0,0,1487,2,9,7311476,51
203,12,419,1805,0,2,2177932,12
204,12,1041,605,0,41,5086249,38
205,4,203,2424,3,2,4205221,12
206,1,785,899,1,60,1455991,57
207,4,1079,2499,2,50,3193964,53
208,0,0,86,1,24,6464145,8
209,0,0,1499,2,55,5321869,64
210,4,392,1965,1,69,5236088,32
211,0,0,2239,3,30,3681241,6
212,0,0,1831,3,35,4471131,59
213,9,535,884,2,44,1929235,46
214,12,642,2324,2,54,1694460,47
215,1,425,2128,3,60,6562501,57
216,12,562,1155,0,22,3303963,11
217,7,773,1026,0,31,6755650,5
218,0,0,2348,2,11,5649473,39
219,11,386,971,1,3,2629583,13
220,0,0,974,1,57,1458147,31
221,0,0,2047,2,7,5168047,1
222,0,0,1796,1,65,5651788,49
223,0,0,2439,2,41,2694750,38
224,11,735,1099,3,35,5861427,59
225,0,0,1800,2,7,6556364,1
226,11,1066,304,0,48,2293928,50
227,11,339,1977,0,12,3272347,41
228,11,176,2185,1,66,5851299,40
229,5,581,20,2,43,2845076,62
230,0,0,1456,1,50,5548388,53
231,0,0,938,0,34,4814298,54
232,5,69,985,2,39,2618832,17
233,0,0,2401,0,10,5393236,42
234,0,0,2324,2,8,4827815,7
235,8,1018,542,2,1,7083064,36
236,6,813,1862,0,15,1955676,65
237,2,360,812,2,1,7304261,36
238,4,807,1913,2,17,1620794,61
239,9,102,1629,0,54,4344423,47
240,0,0,1308,0,17,4366976,61
241,0,0,2594,1,51,2069011,28
242,0,0,2007,2,27,5968744,22
243,2,505,2227,1,29,6727185,21
244,0,0,1737,3,45,3984108,45
245,12,391,2501,1,64,3775746,26
246,6,596,1007,1,30,3444796,6
247,8,1024,1015,3,41,7276203,38
248,2,581,65,0,52,2107831,27
249,0,0,1050,1,16,4460714,60
250,2,446,416,0,35,4206987,59
251,0,0,824,2,59,1332784,56
252,0,0,162,3,29,4205785,21
253,5,767,187,1,52,2678429,27
254,3,326,689,0,50,3758613,53
255,1,1092,627,2,32,5780157,63
256,5,844,1787,2,52,7186133,27
257,12,1093,572,1,39,4083483,17
258,11,657,18,2,11,5040689,39
259,0,0,2218,2,56,6419973,30
260,5,1010,1732,0,47,3983170,44
261,10,169,1571,3,46,3320884,48
262,0,0,78,1,57,6201595,31
263,0,0,1930,3,19,3951017,3
264,9,358,498,2,21,4195011,10
265,9,864,1664,2,55,5046694,64
266,0,0,1432,1,21,2340380,10
267,9,1049,1615,0,52,1450563,27
268,0,0,1447,0,6,2357460,52
269,8,320,72,3,56,4433548,30
270,2,711,2324,3,63,3316575,43
271,0,0,153,3,15,1229905,65
272,8,756,1964,0,14,6873054,66
273,11,381,1323,3,31,6563406,5
274,0,0,1404,3,19,6106329,3
275,1,22,1886,3,49,3513797,25
276,0,0,1834,1,68,7231583,32
277,0,0,2418,2,35,4464272,59
278,11,85,874,0,30,4606107,6
279,4,405,110,3,32,2986403,63
280,0,0,438,2,34,4690371,54
281,2,568,1761,1,22,2804411,11
282,0,0,372,1,66,2099915,40
283,10,122,361,1,60,4332112,57
284,0,0,2588,3,39,1588017,17
285,3,237,533,3,63,3670818,43
286,4,153,2492,1,39,3094136,17
287,7,1014,1020,3,52,6803424,27
288,11,242,457,3,1,2640087,36
289,7,374,1023,2,17,4860434,61
290,0,0,1638,0,66,5207861,40
291,9,24,2212,0,62,2581918,34
292,5,786,2280,2,61,6323365,35
293,0,0,2042,0,45,2017288,45
294,3,476,951,1,51,5635476,28
295,0,0,2384,3,58,5116839,29
296,6,408,893,3,45,5732609,45
297,10,305,737,2,6,2993361,52
298,11,978,350,0,47,6860822,44
299,5,800,361,1,1,4988395,36
300,0,0,818,2,52,1241453,27
301,0,0,1274,2,4,1214458,14
302,9,465,2240,3,29,1961324,21
303,0,0,2094,0,17,2990263,61
304,0,0,679,0,51,3217085,28
305,3,592,973,3,58,3452320,29
306,5,457,1056,3,22,3706310,11
307,0,0,21,1,41,2640611,38
308,11,260,112,2,30,2508319,6
309,11,693,2394,1,6,4302319,52
310,8,826,1054,1,57,6327203,31
311,0,0,1014,0,43,2435589,62
312,0,0,1031,0,61,1483401,35
313,10,714,1252,3,64,4993488,26
314,0,0,1824,0,42,4242714,37
315,0,0,2299,1,54,1219885,47
316,3,211,867,0,52,6995480,27
317,2,307,2259,3,46,4995431,48
318,0,0,393,3,47,1792270,44
319,8,240,1465,1,39,7116337,17
320,0,0,2140,1,12,4782718,41
321,10,682,1215,2,65,5622284,49
322,8,347,2269,2,24,5403544,8
323,4,209,1080,0,69,3807617,32
324,0,0,2441,3,33,7357453,38
325,0,0,762,2,15,1137418,65
326,0,0,804,2,36,4688382,58
327,8,787,2594,1,27,2627387,22
328,0,0,1786,1,8,3085105,7
329,2,709,2198,0,17,2110096,61
330,4,480,1525,2,68,6720608,32
331,7,850,973,3,61,3699593,35
332,0,0,2288,3,4,1999344,14
333,3,11,2572,1,53,4488444,55
334,0,0,1986,2,49,4877732,25
335,7,1056,250,0,42,3534753,37
336,0,0,458,0,63,2167687,43
337,0,0,349,2,39,7181850,17
338,0,0,775,2,51,1447470,28
339,0,0,2495,0,2,7194135,12
340,3,1020,373,1,31,5467093,5
341,0,0,781,3,44,3607532,46
342,0,0,232,1,7,1208823,1
343,0,0,407,3,6,6984363,52
344,0,0,1496,2,10,2974760,42
345,0,0,34,1,49,1378848,25
346,0,0,947,1,53,2900365,55
347,2,171,731,0,19,1527511,3
348,12,920,261,0,18,1515362,2
349,11,98,1828,2,63,7047531,43
350,0,0,1344,0,39,6275886,17
351,0,0,2193,0,58,7322972,29
352,2,96,1942,3,31,3670757,5
353,0,0,2432,0,50,5777065,53
354,0,0,2313,2,24,5286397,8
355,0,0,2508,1,10,3717120,42
356,0,0,1237,0,42,2614702,37
357,2,826,1767,0,67,3114937,33
358,5,1016,1693,3,9,5444450,51
359,2,470,1136,2,10,5249948,42
360,0,0,2370,1,60,3374321,57
361,1,1013,1169,1,13,3143426,41
362,6,956,475,0,47,2201303,44
363,0,0,552,1,44,2501172,46
364,0,0,530,3,42,1951944,37
365,0,0,1500,2,31,3087147,5
366,12,520,1396,2,34,2560752,54
367,12,138,1002,3,58,2867041,29
368,0,0,382,3,23,7138865,9
369,4,464,911,0,26,2419990,24
370,11,510,707,1,18,2160272,2
371,0,0,528,1,24,7366371,8
372,0,0,746,0,68,3942790,32
373,2,95,477,3,15,5669236,65
374,0,0,470,3,11,3400275,39
375,10,368,3,1,31,4908463,5
376,0,0,362,3,64,6405254,26
377,8,1051,684,2,31,5067394,5
378,11,862,1000,1,41,4646893,38
379,0,0,684,3,25,2527834,23
380,0,0,811,2,32,4514309,63
381,11,781,271,0,59,1600017,56
382,8,390,2495,3,41,2760984,38
383,0,0,2313,2,57,4273498,31
384,0,0,2380,2,46,6535212,48
385,3,731,1953,0,5,5642393,15
386,4,178,2535,0,27,1170910,22
387,0,0,1717,1,8,1908873,7
388,0,0,216,3,34,2019488,54
389,0,0,1148,0,55,5164194,64
390,8,732,2104,1,23,6439301,9
391,0,0,1053,2,68,5684377,32
392,0,0,216,2,62,6612087,34
393,0,0,679,0,2,1127847,12
394,8,513,1114,3,20,6254064,4
395,0,0,78,3,63,3524099,43
396,0,0,24,2,11,3671625,39
397,0,0,2126,3,58,2587112,29
398,6,627,1222,0,64,2195257,26
399,0,0,1479,3,29,5083172,21
400,0,0,2244,0,34,2443041,54
401,0,0,1660,2,35,2379845,59
402,11,105,2020,3,6,1355067,52
403,0,0,238,1,24,3111726,8
404,0,0,1625,3,39,3850921,17
405,0,0,1503,0,69,4854266,32
406,12,679,709,3,53,1287086,55
407,11,420,2453,0,8,1317030,7
408,8,857,153,1,7,2791283,1
409,0,0,1460,2,1,5802219,36
410,5,845,2037,2,40,6142787,16
411,0,0,1893,1,19,5160458,3
412,3,810,1854,2,38,3891025,18
413,0,0,1137,1,11,6101377,39
414,0,0,1530,2,14,4003357,66
415,0,0,725,3,30,5541384,6
416,0,0,240,2,57,4683433,31
417,1,557,332,1,24,1306701,8
418,0,0,2548,2,5,4921354,15
419,0,0,2217,0,2,1418249,12
420,0,0,688,3,61,4138369,35
421,0,0,1668,3,39,2666783,17
422,3,197,163,2,29,3877491,21
423,5,294,37,3,29,6529601,21
424,0,0,146,1,7,1391031,1
425,0,0,697,2,44,6298171,46
426,0,0,1905,2,53,6777923,55
427,1,178,1124,0,39,3525004,17
428,0,0,285,2,29,7227128,21
429,11,953,1112,0,42,4751917,37
430,0,0,62,3,34,5284478,54
431,0,0,616,1,19,4077683,3
432,5,1069,448,1,38,5036956,18
433,0,0,852,1,36,6127946,58
434,9,977,1303,0,7,4398774,1
435,0,0,126,0,69,6411985,32
436,0,0,1177,3,43,4905979,62
437,6,244,2099,3,35,1932274,59
438,0,0,1426,3,18,3896243,2
439,9,593,1297,3,21,2612228,10
440,0,0,1092,2,14,4650540,66
441,0,0,1326,3,23,1430404,9
442,8,696,627,1,16,7180420,60
443,10,976,164,2,4,5994372,14
444,3,355,1440,3,66,4332918,40
445,3,261,1018,2,43,7107645,62
446,0,0,2541,2,38,1895438,18
447,0,0,514,0,15,1977607,65
448,0,0,253,0,26,3956821,24
449,0,0,1986,2,11,5807130,39
450,0,0,914,2,57,2764320,31
451,0,0,2085,1,52,1719757,27
452,0,0,1139,2,18,5075879,2
453,5,776,2151,0,66,6965544,40
454,11,396,1033,1,43,5909252,62
455,11,230,2124,3,69,5823800,32
456,11,292,415,1,50,2717370,53
457,0,0,1339,3,32,6923896,63
458,0,0,830,1,63,3263076,43
459,7,930,486,1,34,5047031,54
460,0,0,2150,0,28,6651903,20
461,0,0,1919,2,64,7285715,26
462,0,0,225,1,52,2615397,27
463,0,0,116,2,9,3833965,51
464,0,0,2020,3,24,5758532,8
465,0,0,2394,1,54,5174013,47
466,0,0,130,0,49,3373348,25
467,0,0,2039,3,61,3303969,35
468,6,319,458,1,55,5838540,64
469,0,0,692,2,39,5001562,17
470,2,361,2193,1,40,3860793,16
471,0,0,1633,2,21,6462098,10
472,8,220,1702,3,5,5054748,15
473,0,0,30,0,34,5301170,54
474,10,448,959,3,59,2685159,56
475,6,211,529,1,22,4599427,11
476,0,0,2074,3,55,3190336,64
477,10,928,1011,1,21,7189300,10
478,0,0,1287,0,59,1306218,56
479,7,16,24,2,55,4874959,64
480,8,187,229,1,59,4772820,56
481,0,0,1135,2,7,6181221,1
482,10,247,111,1,41,1633362,38
483,8,69,2494,1,37,3048140,19
484,9,591,1522,0,53,4560641,55
485,0,0,2183,3,48,2171184,50
486,8,1058,2445,0,3,6948436,13
487,3,944,1762,2,32,3827045,63
488,3,405,1611,2,8,3852824,7
489,0,0,667,3,34,6305902,54
490,11,800,2585,2,38,4783093,18
491,6,584,1782,1,49,6595312,25
492,8,1090,2133,0,11,6998022,39
493,3,402,949,1,31,3783660,5
494,12,85,1553,2,69,2230820,32
495,5,1088,1238,1,48,2051970,50
496,6,547,2004,0,29,3032913,21
497,0,0,1049,2,51,2972077,28
498,5,784,472,1,57,5418332,31
499,11,884,1745,1,33,3501159,38
500,4,941,494,0,9,5993683,51
501,5,456,618,0,61,6502106,35
502,0,0,1701,1,37,7149141,19
503,8,677,397,3,35,2965867,59
504,0,0,8,0,50,6944794,53
505,0,0,1776,2,7,2360831,1
506,0,0,1127,3,19,2483119,3
507,0,0,1286,1,57,5019378,31
508,10,757,2433,1,20,2547748,4
509,0,0,841,1,47,4139607,44
510,0,0,1575,3,56,1502443,30
511,2,950,2504,3,32,1794627,63
512,0,0,1301,1,21,4706870,10
513,0,0,1796,1,55,4601068,64
514,0,0,1452,3,54,1434425,47
515,7,43,2052,2,11,2300238,39
516,12,498,525,0,39,6452776,17
517,0,0,422,1,30,2653183,6
518,0,0,657,3,50,4437977,53
519,5,783,864,1,67,3948580,33
520,0,0,809,2,66,4804348,40
521,3,1077,2447,0,48,2834231,50
522,8,1026,1697,3,37,3662470,19
523,0,0,1906,0,55,3417805,64
524,0,0,914,1,59,7278491,56
525,10,1094,157,2,63,2088606,43
526,2,1101,1371,3,23,7249938,9
527,0,0,2062,1,26,2411963,24
528,7,422,888,2,39,3759584,17
529,0,0,1509,3,18,2985847,2
530,0,0,947,0,22,6680852,11
531,0,0,694,0,41,7218998,38
532,0,0,1236,1,21,5067513,10
533,0,0,2389,0,14,7046967,66
534,0,0,1353,1,16,6107890,60
535,4,710,2590,0,47,4536285,44
536,0,0,1885,1,57,4461691,31
537,5,920,1803,1,64,3786709,26
538,0,0,1958,3,21,5803492,10
539,1,642,1186,0,1,5279007,36
540,0,0,326,0,6,4352288,52
541,0,0,2569,2,33,3485404,38
542,10,1049,1053,1,2,4862907,12
543,0,0,357,1,34,2657733,54
544,11,17,1189,0,57,6261926,31
545,0,0,2372,3,59,5866376,56
546,12,1000,501,0,32,3257154,63
547,2,190,2192,0,12,6842420,41
548,11,34,2531,0,47,2324966,44
549,6,15,1435,1,19,1673044,3
550,2,781,1242,2,44,4939400,46
551,1,657,1647,0,65,4826066,49
552,8,1118,326,0,47,2474373,44
553,0,0,1227,2,38,1723641,18
554,0,0,1086,1,60,3074405,57
555,0,0,2488,0,27,2309937,22
556,10,714,2110,0,15,1603961,65
557,4,653,797,3,17,4028110,61
558,11,1071,1792,1,46,6819487,48
559,0,0,2150,2,22,2845988,11
560,0,0,1570,0,3,3242663,13
561,0,0,236,1,20,4808218,4
562,10,897,2189,2,25,4477362,23
563,2,708,377,3,48,4207539,50
564,0,0,1255,0,40,2528663,16
565,0,0,1605,1,29,7369485,21
566,2,1065,1183,1,51,3600012,28
567,3,559,1700,1,51,7051823,28
568,6,724,509,3,53,2308440,55
569,5,933,957,0,25,1902014,23
570,2,675,552,2,37,4619675,19
571,2,880,1644,1,34,1991765,54
572,0,0,1216,2,9,2536755,51
573,9,279,830,2,43,7370311,62
574,10,698,2366,1,50,6181270,53
575,1,697,1441,2,13,7109598,41
576,12,757,1719,2,53,5042723,55
577,0,0,57,3,13,6008236,41
578,4,747,1736,3,25,1247344,23
579,9,853,824,2,57,2846767,31
580,2,866,1506,0,60,6080536,57
581,0,0,680,3,51,5497244,28
582,0,0,928,3,29,1377832,21
583,0,0,1156,0,7,2906644,1
584,9,838,447,0,25,6779542,23
585,0,0,1002,3,31,4110943,5
586,12,55,900,2,56,5496005,30
587,0,0,297,2,4,6582906,14
588,11,313,632,1,48,3737347,50
589,9,951,1783,1,39,5128375,17
590,0,0,1801,2,64,6715769,26
591,0,0,178,2,59,7072545,56
592,8,852,2447,1,61,4581022,35
593,0,0,210,1,15,3728778,65
594,8,854,1588,0,6,1343556,52
595,7,248,2220,2,31,4441967,5
596,0,0,1036,3,32,2129769,63
597,0,0,896,3,25,2341412,23
598,0,0,191,0,45,7322569,45
599,0,0,292,3,40,7065905,16
600,0,0,2342,0,39,7311961,17
601,0,0,342,1,40,1694517,16
602,0,0,2233,3,62,2398667,34
603,1,511,1273,1,32,5199095,63
604,10,389,1318,2,37,7332327,19
605,0,0,1515,0,67,3365087,33
606,6,697,1665,1,46,5872629,48
607,11,615,54,2,5,3266665,15
608,0,0,2105,3,24,2831374,8
609,11,1110,2469,3,51,1146371,28
610,0,0,2323,2,24,6120639,8
611,2,322,857,2,60,7145124,57
612,4,845,2098,3,10,7332566,42
613,0,0,128,2,29,3750614,21
614,5,116,714,1,13,4476887,41
615,2,784,2451,2,12,3674532,41
616,0,0,199,0,5,2270326,15
617,11,510,880,3,31,6990345,5
618,8,291,2248,1,49,1544577,25
619,0,0,1829,2,18,1869910,2
620,11,360,2255,1,4,3503462,14
621,4,1030,376,3,59,5004518,56
622,0,0,598,1,22,2452987,11
623,0,0,2223,1,39,2325001,17
624,8,686,1690,2,41,5676049,38
625,10,233,19,0,31,2925649,5
626,0,0,1566,0,24,7099776,8
627,11,179,1734,0,59,1205837,56
628,0,0,2480,1,26,5117750,24
629,0,0,42,0,48,6735437,50
630,5,282,840,3,11,3907399,39
631,6,283,333,0,15,3444992,65
632,5,780,815,0,23,1206359,9
633,7,109,1418,1,32,5454867,63
634,0,0,275,2,44,2774446,46
635,11,781,444,0,13,7265969,41
636,10,654,691,0,57,4463150,31
637,12,658,2554,1,63,3577440,43
638,0,0,1097,2,31,2533036,5
639,0,0,2032,1,52,3953637,27
640,0,0,2061,0,3,6946114,13
641,0,0,1196,2,9,2784505,51
642,8,149,786,2,48,3763197,50
643,11,179,229,0,5,7349340,15
644,0,0,2506,2,20,1971410,4
645,5,540,2381,3,62,6271213,34
646,9,976,2404,1,56,2066470,30
647,0,0,1377,0,67,5026658,33
648,4,891,371,3,44,2640390,46
649,2,484,1748,3,35,3810252,59
650,0,0,2577,3,29,2358499,21
651,6,348,1659,0,66,4610926,40
652,8,336,327,0,59,5884847,56
653,3,922,650,3,35,5644109,59
654,9,475,328,3,38,6153273,18
655,5,146,1834,1,28,4952286,20
656,0,0,1880,0,18,1252070,2
657,3,742,1085,3,64,3072196,26
658,0,0,2585,3,13,3992337,41
659,10,353,125,2,9,5415527,51
660,3,184,1934,0,19,2630071,3
661,0,0,2021,0,56,3869814,30
662,0,0,1039,0,5,5783792,15
663,0,0,1469,3,32,6960612,63
664,6,469,2208,0,28,4065119,20
665,4,100,70,2,50,6085831,53
666,1,792,232,3,3,4414431,13
667,0,0,404,1,36,3864544,58
668,1,941,1647,1,41,6285551,38
669,0,0,2580,1,34,6063602,54
670,0,0,1731,0,33,6356161,38
671,0,0,1488,2,47,5373267,44
672,0,0,1116,0,15,1273816,65
673,9,1117,877,0,38,1994185,18
674,8,322,597,0,8,6803004,7
675,5,51,550,2,61,3828345,35
676,4,672,92,1,49,5136786,25
677,0,0,862,1,50,2532806,53
678,11,678,1957,1,12,7219644,41
679,8,834,2244,1,45,4661003,45
680,9,206,2543,1,12,2237269,41
681,0,0,1969,1,22,1218048,11
682,8,660,1970,1,32,5448154,63
683,0,0,689,3,19,2419545,3
684,6,857,479,1,5,4531520,15
685,3,660,1866,1,34,2626295,54
686,0,0,2385,2,44,4542285,46
687,0,0,25,2,1,4214996,36
688,0,0,2348,3,47,3712934,44
689,12,1078,1403,2,45,3524585,45
690,0,0,849,1,40,1361232,16
691,3,91,1706,2,50,4317568,53
692,1,400,1150,0,66,1819286,40
693,0,0,131,0,55,5851780,64
694,0,0,2313,1,67,5735100,33
695,10,326,554,0,18,4753063,2
696,1,788,2581,0,33,7376150,38
697,0,0,2456,1,22,2361698,11
698,0,0,1433,2,68,6837701,32
699,5,890,855,2,50,4132573,53
700,5,622,38,2,2,1849078,12
701,0,0,1159,3,18,6365275,2
702,0,0,46,2,22,4130135,11
703,12,933,1045,2,6,2217655,52
704,8,461,639,0,23,7091336,9
705,8,351,2495,2,61,3762348,35
706,9,677,361,1,55,4015460,64
707,7,31,1125,3,54,7223848,47
708,0,0,1298,0,33,6810609,38
709,5,628,2388,2,14,1588061,66
710,8,654,941,2,21,3015647,10
711,2,142,2595,0,58,5424969,29
712,0,0,1443,0,24,6170271,8
713,0,0,1033,2,67,2747613,33
714,0,0,140,1,40,1432373,16
715,0,0,1117,1,11,4449585,39
716,0,0,1747,0,34,1301608,54
717,9,999,2142,2,60,1636048,57
718,0,0,1859,2,38,2026761,18
719,5,717,1383,3,35,3801334,59
720,0,0,912,1,49,6485851,25
721,7,776,1336,0,55,6184589,64
722,0,0,2338,3,27,1957780,22
723,5,257,1143,2,68,1529016,32
724,0,0,629,2,47,3280171,44
725,8,681,1277,2,43,1448917,62
726,1,98,188,0,60,7008254,57
727,0,0,1284,3,32,2382046,63
728,11,974,482,1,12,5833265,41
729,2,937,184,1,61,2421693,35
730,6,943,1061,0,47,7291719,44
731,12,1125,2157,2,15,5817976,65
732,0,0,1988,0,24,2592405,8
733,0,0,1584,2,29,2052365,21
734,1,330,602,3,3,7335283,13
735,0,0,2576,3,35,6233251,59
736,0,0,1929,2,4,4937479,14
737,5,218,1744,3,3,6223785,13
738,12,213,1657,3,60,3767062,57
739,10,1123,2552,1,52,4786798,27
740,0,0,2363,2,41,3363951,38
741,0,0,48,2,13,6466943,41
742,11,3,2258,1,56,6537135,30
743,0,0,1236,2,32,6712478,63
744,11,402,1524,3,55,6193643,64
745,1,769,42,2,24,4176165,8
746,8,421,2471,0,32,7147695,63
747,3,691,685,1,40,4340138,16
748,0,0,765,2,60,4782325,57
749,0,0,1205,3,35,4791962,59
750,2,351,1085,3,57,4839789,31
751,0,0,1235,0,9,2049307,51
752,1,755,1305,0,24,6111801,8
753,0,0,799,3,7,5231753,1
754,11,873,392,1,17,5685871,61
755,0,0,936,2,57,6277044,31
756,0,0,321,0,67,5172140,33
757,0,0,1487,3,62,2842481,34
758,8,152,2498,2,42,3335994,37
759,0,0,1246,3,44,1477139,46
760,11,366,1318,1,42,5334387,37
761,11,52,1160,1,43,6478352,62
762,11,387,95,0,44,1462501,46
763,0,0,385,0,18,3459711,2
764,0,0,2515,0,19,5803731,3
765,2,342,1758,2,42,7146033,37
766,3,372,736,2,6,6943449,52
767,0,0,1262,1,27,6791296,22
768,11,299,447,2,8,2149868,7
769,2,608,1447,2,51,2686012,28
770,5,543,877,2,63,7187578,43
771,2,492,2458,2,7,6751436,1
772,0,0,1432,2,30,6605087,6
773,0,0,2377,2,59,4578037,56
774,11,601,732,2,64,2674197,26
775,8,71,1608,0,61,5292229,35
776,0,0,1062,3,56,4160912,30
777,4,19,1276,2,7,1926527,1
778,0,0,1690,0,56,2214446,30
779,6,459,2571,1,17,6091007,61
780,0,0,921,0,1,4607594,36
781,5,961,2321,0,22,5402187,11
782,4,1023,1463,1,2,4176801,12
783,8,404,274,0,43,3938629,62
784,0,0,1807,3,27,2055683,22
785,9,817,2360,1,25,4207952,23
786,0,0,2045,3,23,3672680,9
787,8,923,2114,1,17,6538834,61
788,5,1095,386,1,29,4043884,21
789,0,0,2580,0,21,3446980,10
790,0,0,2239,2,19,4251083,3
791,11,465,1292,0,11,1599106,39
792,0,0,2586,2,11,4437498,39
793,8,370,2367,3,44,4294654,46
794,0,0,785,1,28,5039118,20
795,7,724,962,3,7,3820920,1
796,0,0,1036,0,50,6427555,53
797,4,902,1844,1,7,4574012,1
798,0,0,671,3,66,2113844,40
799,7,207,621,1,38,5272209,18
800,3,944,515,0,29,3291924,21
801,0,0,1185,1,55,5246931,64
802,0,0,880,0,62,3634245,34
803,0,0,330,2,38,2240360,18
804,0,0,572,1,46,6675691,48
805,6,779,2015,3,56,2022811,30
806,8,641,2373,2,44,6964456,46
807,4,996,1931,1,62,3983273,34
808,0,0,1196,1,51,2709440,28
809,0,0,82,1,59,7225076,56
810,2,385,2331,3,69,3026232,32
811,5,335,199,0,6,4208799,52
812,0,0,796,3,20,6158947,4
813,1,1125,1351,0,32,6786039,63
814,8,123,2067,3,6,5862218,52
815,0,0,934,2,37,6192539,19
816,9,341,4,3,35,6058763,59
817,4,1041,109,2,43,4841909,62
818,0,0,2540,1,44,5514722,46
819,0,0,2561,3,60,5465904,57
820,7,629,712,2,67,1384208,33
821,0,0,469,3,19,5524611,3
822,2,923,1999,1,37,1898603,19
823,0,0,1987,0,1,3367016,36
824,8,173,1106,2,65,6762258,49
825,9,800,1717,1,60,6675832,57
826,9,778,2468,3,58,6713954,29
827,4,751,982,2,69,3519090,32
828,8,476,239,0,20,3043936,4
829,2,223,57,3,42,4039624,37
830,7,419,373,2,63,2774572,43
831,0,0,1579,1,44,4101862,46
832,0,0,1101,2,37,4718559,19
833,7,37,2015,1,45,2369958,45
834,7,1044,85,1,34,5276105,54
835,3,465,1968,2,17,3430314,61
836,0,0,170,2,43,3886172,62
837,10,933,2401,0,64,4889545,26
838,1,512,1187,3,57,3795030,31
839,0,0,1176,3,47,2380664,44
840,0,0,436,0,58,3440001,29
841,0,0,1054,1,54,4526124,47
842,12,123,2099,1,59,1798847,56
843,1,589,1177,0,60,2032805,57
844,0,0,420,0,31,4821192,5
845,0,0,2009,0,40,5670932,16
846,0,0,64,2,6,6848326,52
847,0,0,2102,2,39,7207824,17
848,0,0,1731,0,34,2067116,54
849,8,1003,253,2,8,3764199,7
850,0,0,836,2,26,6246934,24
851,0,0,266,0,41,1938085,38
852,0,0,1514,2,14,2571798,66
853,0,0,34,0,24,6691508,8
854,0,0,2135,1,53,5234755,55
855,0,0,1051,2,13,6842234,41
856,0,0,2325,0,31,2878673,5
857,0,0,2478,0,42,2498103,37
858,0,0,886,2,2,5472777,12
859,0,0,2523,0,65,2845358,49
860,0,0,1614,1,25,5936000,23
861,8,321,1227,0,8,4493102,7
862,2,421,172,2,15,6317962,65
863,0,0,1156,1,9,5607547,51
864,0,0,133,2,60,2676514,57
865,0,0,832,1,69,6478425,32
866,0,0,953,3,34,4136230,54
867,0,0,2512,3,28,4409354,20
868,11,386,2194,1,40,2687185,16
869,8,37,960,3,11,5821289,39
870,0,0,1410,3,23,6556055,9
871,12,309,1803,2,51,2808624,28
872,8,924,1513,3,3,4199323,13
873,8,628,1051,3,24,6412341,8
874,1,218,2578,1,33,3619484,38
875,0,0,1955,3,67,4833388,33
876,0,0,487,2,55,6679744,64
877,5,1041,91,1,43,5698647,62
878,0,0,1985,3,28,3691747,20
879,0,0,2091,1,50,1172361,53
880,1,230,15,0,29,5121229,21
881,0,0,1240,1,15,2706561,65
882,6,130,2480,0,17,6935089,61
883,0,0,2383,1,49,2525011,25
884,8,893,2062,2,4,6864350,14
885,5,236,157,3,58,6130139,29
886,0,0,1890,1,60,5357833,57
887,11,1012,2293,3,24,2444320,8
888,4,592,2204,2,48,6866332,50
889,2,1103,191,3,47,1246462,44
890,11,1055,1137,0,68,4562000,32
891,0,0,2350,1,44,3442266,46
892,8,983,2515,1,67,1140771,33
893,0,0,666,2,61,5234282,35
894,0,0,56,1,30,4832771,6
895,0,0,2429,2,1,4323557,36
896,0,0,1108,0,60,6742978,57
897,4,325,580,3,6,4488404,52
898,6,1005,2292,0,64,6949715,26
899,11,1014,328,0,68,5709935,32
900,6,475,1092,2,56,4209890,30
901,0,0,120,1,23,5431110,9
902,0,0,641,3,44,4220111,46
903,3,382,1030,0,34,6185199,54
904,0,0,98,0,45,5787053,45
905,2,359,2571,3,26,6324619,24
906,0,0,2568,1,24,2342338,8
907,10,496,629,2,17,5818580,61
908,10,1066,2120,0,60,2548837,57
909,4,661,1882,0,58,6690885,29
910,11,484,188,2,49,3611343,25
911,0,0,558,3,29,2818640,21
912,0,0,241,2,16,1211280,60
913,3,544,2516,3,19,3179888,3
914,8,408,260,1,26,2927778,24
915,0,0,1273,3,47,5895783,44
916,0,0,1448,1,22,6273327,11
917,0,0,2312,2,31,2168680,5
918,2,722,799,1,33,3720513,38
919,0,0,435,2,7,5396896,1
920,7,728,2480,0,2,2161283,12
921,5,981,1633,3,53,5037972,55
922,4,789,1353,2,59,7246407,56
923,0,0,499,3,45,1438554,45
924,0,0,1516,2,67,6383954,33
925,3,261,1417,3,15,2069936,65
926,5,125,559,3,36,2722756,58
927,2,448,401,1,51,3018905,28
928,2,941,189,0,2,5130549,12
929,0,0,1195,2,58,2480700,29
930,4,768,1440,1,40,5731844,16
931,0,0,2351,1,51,3538702,28
932,0,0,2590,2,60,1769703,57
933,4,156,335,0,27,2244774,22
934,0,0,2268,1,10,1410635,42
935,7,610,555,0,52,3962687,27
936,10,333,2178,0,27,1229180,22
937,12,581,1711,0,2,3369203,12
938,5,353,111,3,1,5101538,36
939,0,0,286,1,50,5123036,53
940,5,89,1412,1,62,4731252,34
941,0,0,1133,2,33,3420309,38
942,12,990,1009,3,35,2485263,59
943,3,339,1185,1,61,6791181,35
944,0,0,1118,0,67,6939168,33
945,7,962,653,1,52,6854408,27
946,5,1023,1885,2,1,1708131,36
947,0,0,903,1,62,6482725,34
948,12,772,1205,2,58,6831036,29
949,12,848,975,1,27,1238802,22
950,0,0,1,0,34,6269714,54
951,0,0,1657,3,30,3279679,6
952,0,0,1744,1,51,6776988,28
953,0,0,1050,2,21,5210057,10
954,0,0,2382,2,42,5633060,37
955,2,1059,99,2,25,6762728,23
956,2,637,2084,1,35,2097092,59
957,2,185,1890,0,49,4834655,25
958,11,89,1921,2,47,5956978,44
959,11,158,1004,0,63,4455545,43
960,0,0,1947,3,14,2745529,66
961,0,0,1802,3,27,2940056,22
962,0,0,137,1,46,7370149,48
963,2,221,807,1,18,1541858,2
964,0,0,29,3,8,1155455,7
965,7,495,213,3,56,1563057,30
966,0,0,1753,2,44,3496272,46
967,0,0,1946,1,39,6747341,17
968,5,757,2546,2,52,3116201,27
969,2,256,847,1,58,6487177,29
970,0,0,962,2,68,4657920,32
971,0,0,716,0,63,5090258,43
972,2,9,1915,2,16,2934862,60
973,9,394,233,3,41,1636234,38
974,0,0,433,3,31,4719022,5
975,0,0,1029,2,41,6711357,38
976,0,0,2216,0,53,7265800,55
977,4,431,2327,1,37,6978783,19
978,0,0,2576,3,19,3958770,3
979,0,0,349,0,67,1438841,33
980,0,0,1521,1,61,1273630,35
981,10,750,725,3,1,4153767,36
982,0,0,797,1,52,3110310,27
983,0,0,646,1,40,3699686,16
984,2,1089,292,3,41,4260411,38
985,0,0,273,1,13,5892291,41
986,5,814,2578,0,40,4913089,16
987,3,920,2287,0,22,4532837,11
988,0,0,1293,3,23,6015635,9
989,10,1062,814,3,59,6683008,56
990,4,10,325,1,46,4448635,48
991,0,0,1624,3,31,3613935,5
992,2,225,1525,0,36,3994367,58
993,0,0,875,2,66,4031996,40
994,0,0,693,0,15,2028513,65
995,0,0,531,0,67,6100898,33
996,1,372,1783,2,16,2269632,60
997,0,0,1723,1,20,1733812,4
998,0,0,176,0,26,7148611,24
999,0,0,2283,3,62,5717859,34
1000,3,227,207,2,11,4906937,39
1001,0,0,22,2,27,6093441,22
1002,0,0,569,2,58,4660320,29
1003,0,0,548,2,67,3983850,33
1004,0,0,1191,1,68,1388801,32
1005,0,0,2600,2,37,7293392,19
1006,0,358,2601,1,5,1134407,15
1007,0,395,2602,2,32,7098092,63
1008,5,1539,2603,1,59,5805263,56
1009,5,1538,2604,1,24,1924372,8
1010,0,1414,2605,1,42,6723798,37
1011,0,0,2606,3,1,7126441,36
1,1,776,1917,3,9,4409334,51
2,1,660,1966,3,68,5374410,32
3,0,0,938,0,43,3293788,62
4,0,0,1737,3,37,3298471,19
5,2,176,364,1,26,6920344,24
6,5,169,1982,0,69,2933338,32
7,0,0,714,3,27,2679922,22
8,0,0,1082,1,69,3872219,32
9,4,956,29,3,38,2344343,18
10,5,531,2517,2,54,5417203,47
11,0,0,150,0,13,6801456,41
12,0,0,1494,2,67,6976313,33
13,0,0,1078,2,47,3353836,44
14,0,0,1523,2,50,6960040,53
15,0,0,1359,1,55,2140430,64
16,0,0,1514,0,28,4470702,20
17,2,1024,2322,1,52,4549779,27
18,4,673,1212,2,30,1724480,6
19,10,128,331,1,26,5385043,24
20,0,0,1153,2,47,7372789,44
21,0,0,2319,3,5,2542761,15
22,0,0,243,3,47,2796751,44
23,2,594,1175,1,65,1558876,49
24,12,413,24,2,54,1951466,47
25,1,620,2256,2,13,4706940,41
26,0,0,447,3,22,6706254,11
27,0,0,84,0,57,5920416,31
28,2,1062,515,2,42,4825298,37
29,0,0,1294,3,41,7009183,38
30,1,590,2322,1,15,5186311,65
31,8,730,1259,0,36,4274782,58
32,0,0,181,3,35,2579402,59
33,0,0,1938,0,43,5974882,62
34,5,645,570,0,10,6080581,42
35,11,323,609,0,40,6507619,16
36,5,75,1477,2,49,6921547,25
37,2,859,868,2,25,6707258,23
38,0,0,1245,1,15,5068100,65
39,8,24,1636,3,58,2523554,29
40,8,256,1060,2,2,2553970,12
41,11,615,155,3,59,5892769,56
42,0,0,1008,3,25,3904450,23
43,10,955,196,3,58,4160529,29
44,0,0,968,1,69,5140837,32
45,0,0,1020,3,3,2715724,13
46,0,0,140,1,60,2436329,57
47,0,0,303,0,53,6808759,55
48,0,0,2112,0,23,4066723,9
49,0,0,1772,3,54,7151327,47
50,2,708,281,2,69,1912588,32
51,0,0,1787,3,16,6033460,60
52,0,0,258,2,31,1449568,5
53,10,965,105,1,38,6144261,18
54,0,0,292,3,3,5155394,13
55,1,21,439,0,6,4595626,52
56,8,864,1714,2,14,1895617,66
57,0,0,1818,3,61,4429906,35
58,11,27,256,2,56,3417447,30
59,0,0,820,3,59,4801426,56
60,0,0,1564,0,63,4533036,43
61,11,656,2390,0,46,5440045,48
62,12,835,347,3,10,6670054,42
63,11,471,37,2,47,3661656,44
64,6,294,603,3,38,3846551,18
65,10,917,2285,0,59,4679322,56
66,0,0,627,3,16,6416425,60
67,0,0,251,2,57,4234556,31
68,6,468,1737,0,58,5835237,29
69,0,0,1431,1,1,3333624,36
70,10,970,451,1,8,4305349,7
71,5,569,586,1,38,4469762,18
72,0,0,1791,3,39,2030531,17
73,5,115,2274,1,17,3252622,61
74,0,0,266,0,18,6663983,2
75,0,0,1865,3,12,4499806,41
76,0,0,385,3,12,6072149,41
77,0,0,4,2,66,6429113,40
78,0,0,1712,1,23,2016400,9
79,5,631,1087,3,28,6831652,20
80,0,0,1564,2,6,3608797,52
81,0,0,1473,1,11,4044365,39
82,10,588,1901,2,18,2900047,2
83,4,320,2400,1,32,1790994,63
84,11,688,1916,0,7,2588796,1
85,0,0,2402,3,16,2781248,60
86,9,82,2155,0,13,3485081,41
87,0,0,1174,0,69,4911975,32
88,0,0,1220,3,16,3829941,60
89,0,0,927,0,62,3242565,34
90,0,0,1211,1,43,2358239,62
91,0,0,1448,1,21,7112703,10
92,11,486,1556,1,14,1121775,66
93,0,0,285,3,66,4185159,40
94,8,784,1871,3,8,5438767,7
95,10,247,29,0,44,1526982,46
96,0,0,2596,2,16,1200543,60
97,9,121,2350,3,64,3357050,26
98,12,743,1336,0,68,6761576,32
99,8,332,2246,3,65,6771690,49
100,7,1081,2363,2,59,3695305,56
101,11,749,442,2,48,4678509,50
102,2,63,1476,0,40,1911288,16
103,7,280,774,3,42,4026926,37
104,9,464,2023,1,19,5697518,3
105,8,442,2083,0,68,1930308,32
106,0,0,2396,0,40,1396544,16
107,10,549,1607,1,64,4218977,26
108,0,0,2117,1,48,5186226,50
109,0,0,1495,1,65,2208177,49
110,0,0,1086,1,49,5788991,25
111,0,0,1685,0,5,5105818,15
112,0,0,986,2,33,4101226,38
113,1,280,2165,1,64,7026832,26
114,0,0,1061,0,7,5547985,1
115,12,1114,1831,1,10,4157138,42
116,4,1036,610,3,56,1683121,30
117,0,0,492,2,66,3031547,40
118,5,819,2525,3,37,1546460,19
119,2,1083,2075,3,2,5907405,12
120,12,636,1749,2,32,5037369,63
121,0,0,1091,0,14,5731787,66
122,3,749,1896,1,63,3753313,43
123,1,781,1388,0,33,6974353,38
124,0,0,1338,2,59,3163903,56
125,5,786,848,2,14,4468374,66
126,0,0,1166,1,56,6960628,30
127,10,861,479,0,39,4054195,17
128,0,0,1597,0,27,3937927,22
129,1,254,1056,2,10,4253506,42
130,7,304,1329,1,27,3307281,22
131,10,766,1704,2,7,7158744,1
132,8,149,162,1,39,6585838,17
133,2,282,1475,3,31,5613754,5
134,8,405,1013,2,59,5673381,56
135,10,923,489,0,38,2286687,18
136,0,0,1600,0,4,4144055,14
137,7,235,1400,2,52,1504635,27
138,8,211,73,2,22,2015487,11
139,0,0,104,0,4,3220422,14
140,8,497,678,3,35,5767028,59
141,0,0,1168,2,28,6711968,20
142,3,731,2562,0,6,3220438,52
143,5,855,1329,0,36,5119112,58
144,5,189,1324,3,45,3224260,45
145,11,609,65,0,35,5424989,59
146,8,987,2501,0,47,4495063,44
147,11,554,735,0,51,7194654,28
148,0,0,458,3,31,5065896,5
149,0,0,93,0,16,3624763,60
150,0,0,845,0,33,3898397,38
151,0,0,1885,2,52,7187392,27
152,0,0,954,0,57,3364980,31
153,0,0,2006,0,69,3178673,32
154,5,1042,1595,2,43,4521021,62
155,12,751,1225,3,13,3749511,41
156,5,289,16,3,5,1539389,15
157,2,635,1220,1,9,6305708,51
158,0,0,47,2,19,6293114,3
159,4,1101,578,1,10,4984659,42
160,12,117,2106,2,63,7197660,43
161,8,397,1142,2,42,6691527,37
162,6,604,553,1,44,5305378,46
163,0,0,95,2,57,2555565,31
164,0,0,1964,1,60,4509368,57
165,8,349,522,2,30,2356703,6
166,0,0,1708,2,30,5242761,6
167,0,0,1596,3,57,4080696,31
168,0,0,291,0,13,3570845,41
169,9,97,1223,3,57,4389481,31
170,3,1026,1465,1,39,2717299,17
171,1,30,2550,0,62,6953949,34
172,0,0,450,3,20,2748922,4
173,4,837,739,3,68,1409838,32
174,0,0,360,0,20,4882154,4
175,0,0,1378,0,24,1499647,8
176,2,1117,991,0,17,5775992,61
177,0,0,2463,2,57,3456435,31
1012,0,1015,2607,1,26,3572324,24
1013,0,272,2608,1,10,1612725,42
1014,0,1134,2609,3,58,5029172,29
1015,0,1845,2610,1,19,3334993,3
1016,0,807,2611,3,51,2997029,28
1017,0,1626,2612,2,30,1470833,6
1018,0,1059,2613,2,36,4519696,58
1019,0,473,2614,3,9,7146870,51
1020,0,0,2615,2,31,4723877,5
1021,5,1233,2616,3,53,4406961,55
1022,0,0,2617,2,15,4999938,65
1023,3,187,2618,1,26,4479302,24
1024,4,1517,2619,1,68,6133719,32
